gameName,tagLine,puuid,summonerLevel
ДЕПНУЛ РУ СЕРВЕР,IC3,u6_1ODdj_jxkNkh21Kj9XWnSmW2upSNcXdBU4pkY3OsL_wRVY56xbJPdtNSuaWxqe-AbiVKtT4MxxA,316
VаnguardSpyWare,SCRPT,PFmW5MCUSAnDW6NfoA3U7MySH7Hxi2nTk3WVuu-1LwpSwGvxKkWXs4W8JF3Mxoxff6jvdAtd3mnw5A,154
EUW IA FINITA,RU1,rAbrME-ZUj_mQoVIoxjDgjweP_K_yH8bgsXW9m2J6qumC3qzM8IP2H9Lsd86EJ_FuJhMgm8tceBiAg,140
Melover,TILT,qNvh7NPhLXrxBgGy_9FSsnRFdqT5dIqmFcQUzuhNCGAg0b7JgzuxVSKIRZyHPresld_ZaKjnIgpI8g,386
weixiao,RU1,AGWaswifLzsixQ7GVsIjIgal2-ZxYHKZk4N9kvO_6tCnfHlnbZvBmeqD4Npa8YeY5MzRrMdEB2fRuQ,399
гармония,ssshh,N0fYf5ZgL9b_fp3iX3Qy3aC-hO8JYY4VA2QaJ4iSejvve8x_5Se4Z-UxZ7ImtMzSs3uSsycavBsJaw,185
СестричкаХаттона,бака,KNyS8-bOi7pAo3b8efOWt8QAo5AjnyiamqvmQN1dZVPUAZzkWSdmMUB7MnmSDN0HKuR8VHAJutKqAA,1056
Tenshî,02792,0Cg00qIoOjIsu0k4VVT8Am-hGmibhkyk-mC2Hl2oCIXVkFjJ8SLDYE3VSvUeLimeC1yPoZNOjI6YrA,627
Lvivskii Borsch,UKR,nCf0HjbNB_7TU5SvkyYjf-ZjU8dM7PVT-XDzhiUdpALEz25Oe5fGc6Z-CP51-zJLJpPpObSS6Mwtag,879
MrPluse,memes,poSqWeb7uKrRd5mrzAASSjxHQWSDXvJ5yib-xJwKhsxydzgdBcimt1dsQ5ZKcacGLJKNZ-tbe2JCQw,1368
ya uebiwe,iwnl,GMQK1B8Ww5nAyEueWmMcArVncGmpF6WityXDmCofGx6yjt3mohlO0rdsHUY5ZGXdGcwLGkkgJYczmQ,384
Hades1,TOP1,0g7QxuC3Mdw-jtPy6kf4oa-DF-JU4N-G8DEZKA0NKCba9_MHblz3XvHvDCUzazVR2zotkm2PhRu4Eg,646
Ragnorek,RU1,UB88OwJde6pY670DeX2wNRLcKbCVNS2msBhtlonCHVf6cNHmm_CqhGX7LkCgntEu-MdO2YIMAJR2ag,68
Gottor,Pavel,wJBUZMt6SklsH2qMhQqTPAiBhJDXZeZwCz5CFPaYIcm81fF_gTapgqh9M5Z2gTyuG0I7G0zZOjHOXg,626
c6b5ed,sadge,emsE-fMC4ch7E0NqbyDZ0eRyU9s1KphYE0ndg1WQ--NZEvj-Ohovm_VS39JwrJE8AsoODeKtKCFNKQ,906
恐怖中国人,520,_c960ExtyWEOf2WdnAzZhSpEY0zXiAHqeUPv8q2ylYYg-EPuVmj8OU2UCnvTLgdr2pPBEBP8Ql-vyg,74
не сойти с ума,прошу,UeFEmkYOnn3zqcTP06T26GZwYRtvuwRE_PQOSVSajTVtpQE0zuyqtHFzSlBtobtZv98a6uFBnepmRA,113
СВЕКЛОВИЧНЫЙ ЖОМ,ЖОМ,HhuHaw9kII3K_i-dA0YeUD2jXPD04090LQQUsDIKn3VjsI7bYq1ZxTb1dnbogqiB51LWJ7HTV1TACQ,518
CD4,CD4,Ql7OqvvBH8hQ_zUSmG1W6QdTrYWBuLX_cZ5d_1J9hOI9oBdbVC_cVLVIRqE2lQy-6UL7eXwzP2rQFg,361
paranoidcute,0001,xLIocWny0ko4uSyA5zcnjvkIZlNgxx6Fbb7V8dAfrS5qq2MXlOx5r4DdR6GSgYB_V7I9cfIZKCE_qw,926
МОНАШКА,DEVIL,q9mWl1RkSHuojiy0f-DaOMUc3mV8GvY3qcTVtab3vCSSVBHNEh5um8z2eXkPAGRRIrCM8SDuIlDXyA,89
Soullessave,RU1,l9gZYIjxDgFt_Qa1XFYQpKhgty9JUdhEOFPIhB65Ex2iS4w7spSfRxcH-tGcrUzDYYgw41MMzZ0YpA,968
eби мeня мaлыш,ˆsехˆ,Uhxf8zMfM5STfpkRGIMRBKiz8d5toJZDJnXT9RyADS9BueWHKedA4SwROG2ocuUk7bkQz86SP2uspA,624
яНеКурю Я Кирилл,RU1,pvad_9UnL0Ef8ppxQaCrSGQcv8UCJf5QewnTlrmubavFB0pASyIRSFqYWJJnDuaSC2aan3w2cvsMEw,91
RIVENUSHKA,KYXS,APTm16oMdwj9Q_QcHIdoX-4I45Jhkm6GGWIBzou9yIKkrbgH_XRJEdgkv-VVDs3lFm5k-hm__ps8qQ,145
Ready To Die,RU1,WavTnlyEo2PKWY7_KHSEIMvNQX4RktIvnlhlIb5n1IBEw0AlpRf0B047hLwVdFcTkVn_t1Zta6P_GA,1568
GANIBAL lektor,WWWWW,U6J6d7eK0sIkHBzbFyr1BoTNfYqI18Du-mGKcmIhfLg8MtDy8tM_PSgfn1o63insNoWHfEmbJo9-GA,683
Titmoc,2004,COF3MZyu5qjDJvbD_CKCNCSTKYTe-ag1GstgJ0IxPE_3Siv6bdapfsakXtG8wi5cIuI4-fWBx7uhuQ,178
Вечно Молодой,Top,5YZOk_Vu6u8zdd56L4WXh64DIQiVVC9QIOXpdb-0HnhWHiHV95SiKT9SVimMnjXmoRgHOi8RyL8UqA,857
тильтозаврик,sda,0tleDnBM18VKVJpA3YZCnXTQa7CqWoW2zGLBlla1fujJHmIOth0VUYMpvIbFzVQ9TnKhEfUXlXoZQg,154
BMPX,RSO,N15qK6zZ78PvNhVIsZlZHjPgyfkvd4X1eac6X6FzHjmCkdwCYKTnrB-zOTZlFwEeyCqQ3N1En8TqHg,660
Alisa Powder,Alica,SitS5mitBjeVmcIlG_gfK4YwbFcyGunGGtUT-f4BwLuZykmi93vaIxX9XCPe7LAQgcFtpI55hrkKug,1103
Tryndra12,Samsa,8SXnwZnXJfEMz5sX8st-8lYWox5JKz3HSLYH-ggPd54z9Cgtx_goNQ6JTNT0my5TjmNwWXf4DL0XQg,1114
Ultraslabyi,slab,hGZIgVX1b8g_HwSXcCBp9xX_ynK_qEV6CdQTuBJtNcC6EtosxtSF1IonnzOhjM4n3um7eiwup2i23A,287
машинка,qbee,HutOBLANzqnR5KSzVAHzntMArlQGvUkI5rZDb0NpDdPj_Zf10cjhQmVMyPcX0kC1qVs6nG9Ll_f2lQ,909
Márch,RU1,sgjLooX92cCNHbrJuWN7MgoPnqJKR4TO_sszdh8TkIHLz7KSHfPLK8TkG4XsE88kcOSeVvWZb353Iw,276
xvxuauaie,3003,8LNfz5-eFDbNIZ-VYE9bB2QovrjFtqHoSRL1IYuuDfXNK4ia5EbhxH1lUZDsaPnN3LAI10tsV3F0uA,979
Arwen Undómiel,RU1,WSlAecYzvU27lUCipmSPUZkTkXX-PkwAYQy3mo5mROHcVeNqYqPFhWFySqOrbIHTOLR78Z7C6PLmoA,309
TRAXATb KITTY,777,-1w-aNqRKHmT2sUMINZO6qYYJ0tJssJN-M0XUjZEXH7DED8e9_WwqpwLY1dbTOZAiikvabb_c_xoCA,696
eternal drama,666,LPb3cGBkOxpiBP70KFaXuc6phwBxhqo0rhqPd9RuVrDfb5_QFIbUBDDsoIz1AogrLx03bDroPlGxYg,998
я тренируюсь,6724,bSoeYT-DiKFkJ1NYSaCDXCVbILWxMK96ZxqS2KI9AVKHn462BDV_mZXmyt9q5lCxVwE0pnY82-Y6GQ,745
Bunk0po0bashke,RU1,9F7AKmXTRf-rO_Rafkezq9v4Qx7duN6QIkJvq-M-VSZ21UuoxO5WopQQbTHYDqjvhogaOAjXB0EXpQ,457
2pizza ПесДаЛис,RU1,v_HemMWIkovT-o6YiJofELmYouosUUBf4huNcRRXCKgdJ1LVXfybtVFvzSrlsx55RpfIhnmWSG4-Nw,272
kaiyava,fate,YwPHEf7MB63Lt2NGrwbwQQjHfx6Xb_Fd0ichW3w-CILXkiqKE43yV2Ujckj6UVYI5UIEY5bkS6yD7A,289
pisun yasuo,CHLEN,WiP3zjy7DtCkHt_ZLg-AykWKgwlmqVy5VkDKzwLASJaFBEjjJxtbT814VYdBRM2nQw3NrjrlgOYYnA,74
Ghoul,RU1,0ETF3qM0QcxM5fwvrEbqC7tM--z4M3esNd9xOBJwwZ9a9CrZrs9MRk4SqxS34SnqAxoxhPob776alw,136
Agni Kai,forge,Dy-eP4E8jlAb_NPT6K5eIQfJX7XNSAs-OHt4IjQxRJRUZ82AJjwL8-txpqudJBGnqRljmNoa-Eniqw,712
Талант,777,J50cV8aZK15wZkYwkGPQa02WiABkFByQ2STHlUVUgStZwsPm2jpoJ4EvjYwjh6LlNDJdcmyxki1F_A,650
LokBast,RU1,F-Ih2Z09JWo817vAPQMqbBuosESBuG3fdIhNZ3E6iuaLCR1XfZT-3a0v-OIb7StiPlRiWp-ZDMsyoQ,161
Bladee saved me,RU1,cFrbWEtOK0bowmy90tbU2W59_qwxWjXAc7Mk8aeY-2D5R5DbohSQZNCD7iujtzvAyLUVxbu9CHlddA,220
Fallen king,RU1,DDgcAdiRLoA1bjFPD1XMBvfIpetkoCjL4iL_p9Fa7AL7nji5sX9-jyEIkTtBmp7W3uZ4wLB1U23zLA,1014
dropbouf,0000,5qK2BS2lRkY6C1VPXNreV4M0YXNLhxXHDufz_y3y8NQtmcrrRDWAXf7qdm8n6gO4vT9gN8AlncEmQA,64
No Fun Allowed,RU1,Rnz8IURSyTu9TX8fTWtv0s3AvudaZa0Hh0nCHQZ2AswDyzsc5JPPlalQcYhpxmT6GhHLc8jxCS6Z3Q,211
Fonce,ZZZ,wEii_HBtFaZmqvAS1mrMXsOr1uSWlDWzhUOQZBtDux4goP1FbGlqAYAf1TJ6PQA2rtunrEaWNQXp9g,955
мактрахep69,жопаа,j8lfmPecwlaOMNvSQJdpLfFXmlvgbKWch83EJVJ9cTxeOyyGNidXLOnHckbahTZ6EH64OJgC-iBb_w,803
Weak Mentality,1705,irHy_6mytni9riFD13dJH9DHz0oTAqzTvUkwdfmIqopBAgBmQ586bi5pL454DRop-Sz0K7fRik1XUw,859
666,rwya,y5ehIVEm5GFGbiD4tY1eR06_vWDP2cF3lsWfBRQQH-cl9zGKxlRPcd57InwY_oI7x-5IAfrqr9BzRg,113
カミーユ,サンライズ,jEVh0UzRPjPOiMbKMQpT1CVwhTV0zudyCeIwqqA8UE5AOK2UmP3uFlH2WJxm9pcqcGDfoU3EFOf_fg,342
Mental Terrørist,ZXC,94iNzHYpsuwphwK9KnKw-yaU2xpwlp71NlL58pzzCQBt-cZxXpCt6ItHNVWkPXxJRqln3SFfocgmYw,1978
Kendrick Lenar,RU1,H7gNkTNOIL2ZKHcDx7kpuMa4lSvRPLQnfE2f1MbBqJwDIYXYL8oK21HfZkUlp-1hI6xlJBlpvVB5SA,589
RUservˇsParamour,yours,J4yq-vSStL4_oDWJ3uQ3CMQ1uTwBgbxYy9a_U7fCI71gAUOKyMCmEtqz6k-CHgX1yHeyg77sY1Pr_A,63
VIENNESE WALTZ,RU1,70RXAUPg0r9drkIdBFWHtEO10gx7eduy-b8xv4742Az3Ea9VYzyQz7G0y3fyvI9XkF3dFBsDugfhzw,340
Khaslana,fate,EyXYCf7h7wqEj26PC9JJtBuLcsHtJZOcD6W0NBs3ABcR0nPO2cFb98HtNdmDDqODm_p_wbcswCdEuw,429
Ungoliant,kisa,TciwcfEAqWxYUprk0zziMC3Q5UGVpJ8TB9IWEv_trqh44D_8YeH1iQrszEpUUz9oV6HcrVbpXZkzlA,43
BABY S T A R,RU1,S_eN9F6ra0IHtR_9DCpZpo66mAy8YNu1HUby9vqtg4TjDFuQ9IJqFkTK_XqssDTvppGbvXWNNd9oOA,309
SchrodyCat,meow,5NOrK9ru_zqb6Bb4YKbCe41T_EVyckxGIqso5KvqIcvkAVNpvgLLXBpOQg53vZfc9DLxH2OgAX_YVw,660
fw1qiogasfa,sssss,MacJ7uzw1wmHGxAL02TbXYbyLNJ2cXVg9ikB8_p5ApH90mR33_UrE2EbG1CwVwHdD2dlLG9LH0_k5Q,142
a wind rhythm,lost,tnNrKsAkRAHaC4hL_RSFHoaWDmPHg-wdhRlLQp8cq18fOQc50DWJ8jCviVbN7ApqU-JWyXnh_5w8QA,146
MrTеa,Tea,fQFeQT8TJtEo8LZwr2KnNk9Ae2Nf4m0_MTqUjU7uavbvhcimP1-7LN0s-hD1ZG1BgkkP0sQeTTowUw,895
Fiskar,ισημε,r11dWHLD1nfsEwxC50E8b_bYPppzyHjfsp2I42sX16b00pIEHIsga620hzA5YwJ_fVY7nlmbadtKGQ,608
mercy me pls,RU1,lurxrrCPd4laINg33yN4KiQ3PwALtqlNo6tVwTD1g7fsZgjuuZX3YJii122fW_1-mHQ9ts1x-33v_g,164
Azakana,妖怪ヨネ,JHv7ze9GGPNn4wMXmCoFQsGgoF8n8elWEHoJhB4LcT77kbzs0GOPnDzwFqIertWTDHbePR2uKmee-w,1303
Blake Rose,Roses,iH2jBetzujQNSrVtVc6wU7Gf_UDxH15x8F_H4Dw5Aj-Qle4UbubO92TNIn3402Oa-c4HX9KoZ_4jWw,1018
мятная sоsаlо4ка,2013,MX9OunB3pXZKqs7SVMvik06MTruergXABrD5tZH_9kv0RraAUh3OmGPYjBH7k2Ggo19F2md4Tg9v5Q,95
NEFELIBATA,SOON,QznCxQ0h-7BGMldPrYKcyOfTKgJPOzieh09yAujz5cyMlRDMYwcGgj1EklQLy3kqZQ9cuTvaXhfpMA,711
люблю Марину,KITTY,9RDm-QCV_RulnROHPpaVhkVlVs0M2qxUwppIC70dyEkVSkcRo3SVK7ig2h7viUgmrAOPAvea9YUScQ,351
Frozen,GOGO,vfM-6JlZSqR-DK6xpWP2IBfJAcYO2GzrjfBF8nmP0rnq2Y0EsNMzzuamy8Qn5Ol8lgjKovx1ocPm8g,587
マシュマロ,00000,SbKVDdYBHV3Ne4-mrNXt6dDa9f94N1AHeXhn_mHyuA_o3g_6U9S6ZcWIhfDSNw4bGWTWwG1WmWdvCA,540
L9 Dr Livesey,1337,WCt7lM64a5RrO2aYLQiuNGG8-Loh3A_UqaSVpY9ekbH4EOmviM0LB-Gib5CA9cD2zXbJKunQ_RHrxg,216
avilkunisachamp,9115,bFkQP35QQhVTug63ZnABnRhyyYIuD5whOectNZzwkHZtqAB4ey3KAFF_HJLR-F7CBat7Cu_mLzFbng,498
Бардилочка,мур,xR_PPuKwwmv2QiJXofKte-8ybmCVbv6h-tSXkn-eppZ9SVV3f7dqrs6VzpglRM_7xHrLWukP-RG1Fw,112
Девка без руки,jggap,rzuIFSJMIBXVTpD7njd_0GdxO874U818UCkvOTcrkNaGNfG-oRPlZge-ExWtJ---7wzVBC7EjyICpw,912
Lost in yóu,RU1,Q2puN0xN41RwkcZ1a7NSMgc7Y-TBkZBSuxoq8W07WJ1k2tFu4AHRTXUq9mdBsCr3n_ZxghmKnU3Nyw,105
śaekkòretsù,枝狭技,CIAt4g5oyQ6pDHZKSvU0w9qpLgrQypSRDjA8XIhSn1zSEbiIDArnAP7N1jnv9pjTT8z7YJM703xg-w,1150
амеленок,емеля,eAkdhVK_etlY6DkhUtPMm2uAsE-zQXKa_4KHeoyAr0YPiONqsmQdnCTRYrz2IL8bB_KGUVrWdGarJA,755
CocoonLicker,Frank,4fZx2JXKwjA_u6dw4A7_cSoVq_Kz8URGWQ6I8rUyU_Ulyg7tHIN-iOUfy2YLy32PMIcxMYKshhNkgQ,545
M O S E Y,RU1,XaltO2R0h0mrv3LgS_U9jzBo0uSZohEH8AXANkiTfltubJ8_TKfdzoepgrKFJZZlIPv51rLzu5DMkw,626
лабуба,няша,dMBZi_aVTK6Vcx_TkZFH84qhop6v5dMJt3IWnSypCekXrs54-KEfcCzHQqNQVX8Mxxfthp_Sbseh6Q,81
тeрпила,RU1,5LZGj9zRTCUKxmrLLgUV9oseiWSLAje9CY2-Qt8bIqTi8c6rsAuQRU2Ng554U9lWiI07TFg4xJ5Sqg,540
Shy Fawn,Eeeep,UkywoHjiszos8Je96YtF_gio9ZaQc3CJSg2QLhgKFIAR5rc0PUJE5T-SOVBeOTFsnDy0ocRuTQIrrw,733
Mr WaiTer,RU1,3j0mSPDm3tve9RX5Et4Boh_cW2MFTsyfegY85m8DHxj0Pp1rIpx2JgkkGX-dHM3DFcVW_mv9IrLplg,884
Pizdec,huevo,wjYikalIpEO6mtot4R7b3go7wAoRLrhPuYGjG1CvIX5MRjUeMJ90EV_2oLu-hk2OoOe0LL99xEQXRA,644
СестричкаХаттона,ббака,ObktrAP12xDkLGizFXXFX8C_e-_IsdB9ziFRkO-O3kmdZpCYxVa_Et2QTbWDeULFhbHuZh_GVDZ8-w,1154
Психбольной,3330,3ZkxRRrb_Y5Rc50CLSH0aDDYAJ1W-EbIgP-OfJCIHI2hsAmb2bmcxTFK1ZATb8x6_fsfx7fARpMguA,386
игра для бомжей,sosi,us72TNEyj-Yf02NPsozqRG5GIm_-wEu8-n6e5U4_fJ9jVluBXgzJOiwLVdF2jmJvozTzxRnyD9qUmg,386
pixel affection,RU1,mlbyzF88a5n_iXrcF32bmsj2v4u_ozY2IVCQXdUZ0N57--O-10xSppFEMFexBrqZu0I18YoBI8MjQg,144
Eternal flame,TRY,GDEd9z6r-oKD3X8dbfZ_ScjyYLi7fohlWH7M3_L6ZmYX_X0SaNam0G5hsCi57ZH3emfwmD3iETruDw,272
Ha Yuri Zahard,RU1,Y-pX41tDxAbBAuSqFDzSO3c81xHTHf2MHjRVWlEvK2ZvR5kWlF3cDQbigFscezORsTbYNuHTn2Cbxw,614
DeddyВалера,bambi,7DImseU_O710k-ZGyc4xe2UQF29xiVVnfXK_bw4m_i21ZuL-FvxwA5NWgjNW4x_Cv2tuGobBK4Zgnw,702
UBU,ULTRA,OJxzSQHVBy9MFGrSyoATlENZg_4LZV0IfpFSwnvowIl049pu_-TXQC7kn7b3fTGBoC-4RFdNOFto7Q,562
FaceLess,404,Ov4trW612cXlehBudWieMacyMVQA4cZo7gqoQxavVb0AiH_RVmWkfss5AwWvZG0NpU0orjN93oQrkQ,57
LEAGUE GOVNA,RU1,iM8A-uAiNdyzamQWZLXpquPbFFk_L4uWiY2ZAglYaTCG1VXaf9q_h-QrIhQjb0aLh5yFNPkrW4obJQ,94
paranoidkid,0001,kmZX7D3Wlr8X5B0A6_qPWzP-Zq-AePuNTbQCLS_6gAefPrmsHJUg8nMGdK7oRM8c3qasBaJ6K4Kgow,358
AiratR,SKIBD,xoY2J1b-MdAAUUwLNltzEc-qUzhJOErJ7XY5pC46mCdO_NRTI5lVhf0EKxOPRFhMRk-oHEobWMV0eg,738
БДСМ няшка,qsqs,7dsiAL9SvDnE4eXr3HI_zjILXqiA97wwOMHLOoFnCeaZcZJTYugtTxVO-_Xd2Ul7JdvxA8iGYQxCNA,939
StalloneItaliano,1998,kudVdE_5__urFo0kUm9Q77NeMpLOfqMkS56BlEwv3eesqfvP93w_m6GjM3CRc1DUgZpoPPg0igniPA,226
лесной поросёнок,RU1,9UdXJ3mwfc4QrzgeGXNPovQ-z_0It3fQuL9w4wiNJokxqj59iugyQIL6fxGbVEQGHPdn90PosXdgLQ,642
hopeless kid,llll,dpokUIBdtJrPZzmcDHTpz990vVGUWhdgouinCqcFswTmdkO5g_FDwJHNP7r0oXblgpaIC8Vt6liUIg,734
липтося,чай,fohbPzKzM5arzyfw7IuDi0ja0p2VAChJEnBfJ6WtfwN3Gsl-07IvSf2JvX_yQ2tsZT4Xv0vwCaEsxQ,73
eshkere,skrsk,Kq1OJZg342M5zFC9dXduAGoxdYHrpbcr_J6Oqn0SibNG289PyyuNrZ3t-A4WQA3BgLrXY72paLpzRw,141
Droll Loony,RU1,ywixywYdv4wBcmu6JTyRJZ9E-3BjTe4vTvIfyRJyYQ273kaNE2pd67Tf6-g6G9MJBwbn4fJ9c5hubw,217
Mental Athlete,6666,ulIx3rH5DgO7zzqELxG60osF5KtCabb0-CdKl8EDejzbu2y-MkTwm0QIN6vMBpl0OaPWSSrUf20nhQ,137
twtv satanishka6,TOP1,XrLmQ-geX8hPNsMyG1yC7sVRI3gcCK6NO7BaXyj22mdblZEgpNgBQ09cPBK7Frb_fe8pG73Y0qZA2Q,96
СКРИПТ ПРОВЕРКА,HLOYA,Bg-0W48WAeeGq5EpA1jQB34rqL2RO5OWh3jT2tP-ZtkduQgy52vIGBA1_9OVc3r91mnYZwOZNVeJwg,372
icy,vеins,FpxLjwEaQ7oBCXSuwteAIphyPoPMY7wNP-3jCUrLJsBvLOuchOsyectioszJwKCvX3RLYhKFHFpt3g,956
Сетт Брандо,Сетт,JbeT-eEei5Ia21QwZ5-lxM-DxWA5o5UhmyrW3AAXT5J2zx5IZdR0RmV0ZgtJ7W6KOz09cYEesbYIcw,610
AnhQuanPiano,RU1,z4EV_pT1s2uVTmFhlAIcRi9r5mytUWL7pJD6U4yUnHLshLI6mLkOA27GB9Ka79ckeY9j56w60fH9dQ,356
SanekNvrsk,RU1,qhrLxwmJcAhF3Z5pikmAHNDuOr93v_jj5A7KJz6j8-PJxtgaS7vibFD7axIZvzWoOjqONciuHnqBaA,821
убийца тигрррр,RU1,nIdJmmxv_JquN_DVsJq5_m3uRiGWAjX4ag-kHEbiEVqkRfvH_Ml5QfrDDFI2Dzy_0IUs4cIDJlsNcg,369
Loone,66666,S4bmu6ph0ApPwyVmcriY5w2iwVL3BkGoKjdW2nyUh1TdB5sg8gzb-x0EvSUzb64tjKKLC3CXEAheaw,936
MrNist,moc,OA9GUqFMJi-0q4DVk7rzfhY9LJ_h-O2Mt2gxz96JgBljdPaKSugWeCivfbWvSZTaBD6xPXyJ0VtoYg,703
Yаgаmi Light,RU1,KwrxKX06mCMviq3o9UyAY8igkcDphtLtYlglYBbFzFT14JkiyXXnII5ou7DAT9ma_NJbm7ql7q5RIA,540
F1гst,RU1,UTwZ1xEGQw6wzTmpujjVkeyIsdkUFPb-822s_-LrGkH4Hm4RpJwqcRs_iaM7M9JrBntayRly58CnVg,719
бейби любит дурь,000,RyTMV25Itxes6EUZVc_nVr2x0rxI9xLwSisT0_sFZyV0moGky8-NrCa7iqOW7FiHOI7grCZLBqb2Eg,488
A S E K K I,SWAG,CCdRnZHwYlLNRx9-SBnfM5iJk_pQyVQFK3dLCgzD8Li-V5RuaGssSAdTxxYT_vh785v87KcErTUPBA,776
S U N D E R,myrk,O5ugG1vR4nz6oGpPScPCboerPnoR13vSnUuPb5apg65rq5C-1jqUot571qbFuEbpa__k_ozbIvoEGg,600
timmy turner,RU1,-niWEqNVD-XuPuh46kRQDMaAotpiF6LyCd3n_FyuQ9BlZSvoHZHV5TaX3hvZxwY75RFvxVT5kojrRQ,587
blessed angel,369,X4V7KHRnhR-Vt4TKjpci5hf94DBem7AkTvj2zPixstiHC2G7Wop6QkfsvST2HfgGvH6SPQvpsh3oEg,208
I Вел Резаж I,Void,qsjMVW1yNtUplmSPQ1rvSNuug604BG2aQ51UiaziwYD_5rBlFMmZwlAsn2qZHN3WRQbIcAxgv44Nhg,727
не расслаблйся,amir1,LBVfLQr8FQ-0y5uMhkU3gEeTFf5YRCFxaIpF1KS9gyIX0u8VPXF30FeLx7HPy0mDB-g-fcKOBLlHVQ,990
Heaven,HuTao,HjQnW4CX9ZyjFOkp_K57IomcX8YYl66p_Jk8e3_SYkySPkLKyOLCUI1Wi4va3e_q10mnQKMpQ_zDRg,466
SojiaBoy,RU1,5SyCc5TI2RthbxIcXKywptuDdfjx1hGCgp_3k9Xog31d9Q0CtL4I3ggnsPqDpGzKXjgmAZ3DQEPOJw,989
Rainy,0025,zeQ_LS4OK--v2lgyffICE6sToz6jO4CktbEdlvER957ZLmi-MQoVCJoHuol5er2taiHRCUKTw4Pivg,94
Horny Rãkãn,woof,PDFQPQQ37I8Zeh2Q56PG1V2AZ5R7L39_l-Pj3vdUIlst8S9h0numKaRNIuPB94GLYehI3Bz3vG2gGQ,616
GIGACHAD SINGED,RU1,jUC_TXg35DG2APFLiD4JDLbSk3BfySx3NSr9al6GBLKDOmQKLTrHTQ4GPYs0k_C2Gg8cbIpO3uQSOw,497
Quksa,5252,IJYX0xwkbBYOz6ilpsByivM75yWeJ1pDt9Q7y8vJK_T3zthMPbrOv8FzgHlwXMf1OkO7_TH-vzMFJA,153
MMM16,RU1,PYvdaoPK4XLp4rft4INx9PVYtIBgSyFUIJ-UUjC2s7qNCNmFA8MYORRxevuN-deAp6cPZAuyEe0KTg,127
SuperPowerBitсh,XXX,zTHReP5eoPJPbJ5cIY0rdoFjDGds663UV8grS2uiBW5hleySKq6RL8uQo3MbprtRgf1CmHFHkrErzw,1168
Можно я с тобой,Стой,D-g6SoEdEnOFjji-Kn7NtuTqVkVACCEGxXizaLwjVc_CnuC8gPzPAvYZbHnvWECH9Ojp9ornfdW7Gw,268
L8 Şpêlløv,ŁÖVÊŞ,kA1dDZhpQvhRhTJ1m2SCis9vwMICIgm-lsHywUBbM11feSqVkPa93BpfIoV6VZbo0MPvI8wlbeTfJw,1161
foot slаve,dom,4wvsRwCg8kbbKhmi73_y8JBoaxublJCvn054DuKU9-ii8ARZMD9z4acgRJOfYUYtQpjClR5XKWtoQA,135
но я люблю тебя,очень,qalRcX8xT6sSiqK3E8OQcMjfdasS_hPoNelVSV7CBQ5mgr0uUUx-hFx439Px4OmydqyK8xBc35i9Hg,331
SexyGoose,RU1,eIvR6VPsAY-Ys3aL9yQ233nkwNDxA7zISebM14NH01iUAuNuczxwcW9p03OUkmlS54Imx7vUxOhWiw,161
PISYAPOPA,HARD,ZtMomfLM-nJqS2MDWthU3pp3ctgPOLHrCS4eP0WNORvl-wOkEgBI5lQYqQrXLp3YLjMiMJZnZnN0yA,542
OboyaShka,3939,TNVm2T9C6_REu3KfyztgJDf2QMKAQd6IyrdXZzbWBFvFg0_hk1tbXv8NvQkI921t3qE30mi7AqT6dA,517
Ziro,UA1,xA5DQ0QrmmOQ08xMj4JVaKbKDX4tWfD-pIeiHONPg3mKA0yxfZeqzotFix_fK-ohQscelI76J9PHAA,877
Misery,Broke,Y_SFXKredU0rKXjG7aBKkEuBxzaKZrsN2TMQM2FkBfnlPBE-yPbqAWvor9V-khDH9FH8LtmCIbAUZA,447
Shion,JBA,YyJ5LsRcQswiVanwgawrh5R8W4K1s788W9vReE15Drrh7Oyj5UN0VH1Qae3b2P1T9QQbITqfZZCxew,716
СвященныйТаПоЧеК,RU1,NWy4O2VAojQD3fpXuCuNLXff1SqVW5Ijds2TukUNnkcJcNhXUdNkATWWRQvw97OjpVXYym8dlTidqg,710
RelaXX,TUGA,94JWNRlpgrqcg51ntSyf7xlt_sRznMeFT9qgqo9fLhUdjMRdhkijqOtNjK7QBFacV1o_-jGbPBykfQ,60
Подземный Житель,DEEP,zI84pQq8WzWz9q9ldVaJ7tCWVN_s81dPXp86Zpael7yYcQyMB-wUUvVdubOsQPiKiupkE--EZKkn5A,96
killu2day,Low9,t4s8h_rCHraaSnpMRWv1iJR6xlxNkf6kexJLRpi6zEDismno2wByQVLGHLInkmZlXsS2lZKts5rhWg,408
DANNY CHAN,GAY,gk6B1wuziS_ZQjBW4ar8ddK99ZPEGGmwps0SdklD1ZnKph2b8jjQm3S8gNzCkysXlKNH6ID8H5Hsmg,682
GriNH,RU1,VDcnAk5KucNVDi-hVQHeO3qwpiy07m7oT8nypQ0XNw2ShLtrKT-FOZJi2J6vHx3g8U-ePUWWM49wlA,567
Miulchi,04041,t7TYPW8lrAJIiLhBMpATAuUEJGdiA7RHj4AYdISnxuuhfXpU7Z0rf_62cc7G_fz7zBep8EO1IKnO1Q,301
Дымовой,Тяга,0I_XtIJrEik-j86hQNjxRD53Ra2XQVPk271x5HWUaBN7gxuNv1FEHc-pIWEiQrlwwcjfhjT_PMvbKA,168
PartyPat,5027,1U7El2jfrdQDiKA_UcBy_BNJ-cn6XdQfFPLFpqvAmekJitN7zmxuIQHSuZPR83Jf6j6n0TAUSzAhZg,87
LP hungry woman,Ego,Ffa3WI8LCR4y7sKaTjA3AGYX_XU0isHeoUOdnYaVvyNYHNaAx6OrawRcBdJcsrX_2SumVI9ARIK0rg,124
SECH,9804,t3Nx4ukDuUgHoe2pHa3YiTUQik7v5Lg-J-F5NRAqFHEcJ_FW-39OrLd-b6YBcrip78ETFGucMZEsQw,372
popa4ka,0001,FisFPI181WQZS837cw1DJ5hXHvG_TG7KERlzJJB6B2z0P3l12V12I_jgTybFVx6i_mYroJZHQTmknA,324
Корейский Водила,SPB,Vpe-ZurGQc92D4soBFbYHKFqpV97jradBbLQ9QIV6kF5XHdmwzlGch6MgauADsMQ5UE1ff0RwcjzAA,93
ручка эриккраузе,ZZZ,cVntAC3H3zRSc2aOYOI8C16Me34GXYuS8Sg9sp6-YuSoUSdw6tezp-A2PATLHiAdDb4lVX7WOVswfA,748
我去你家能触发孤立无援,我是石头王,sDuGVcbJk_pNAE_NFg-3VzandrzQyxkBzAGn9TKSBUTtqJ5Z5v5CY6JmJebUfwDapW0T2jZ0i8aGqg,147
пусто,RU1,nZl5QVlK2SFuepkQgpge6sFLckEh3nbAs7Hmm_jsptKZVQi9x9WwRdSbs6BIj3fBlGa51oxI4sOuhg,654
Метрополитен,borov,gXj5mSmIRn8INP4jYBdy-L0HSVLWaOWbGQjEi6osTnZQrnQ7KVkAPckbDpOF2P_nl-sfiR6hw2R20A,143
ALUA777,777,UsgloMfirWAwgRfpk-RXiyRxA2_7Yw9k8ejFcT3FgTFpdUkv_uL8uBCkelliky9gcU41ElZlSsxRgg,83
Sergei Dragunov,back,1jIN1JHQ2xl4YCFkLVxVWiNVGu_3qZi2mWrRNXYcVpTLbqwJjF_dTeri62VhI6aFFEalod0-ka0IEQ,49
Ссссууукккаааааа,пшгпг,LhjboH8KZL3Gx7FcB5vYXUBkE4O8UmflLegLJ4wV8U3gZvrheNQ5yes54PvdGi7P5AYhnl3ys2vANw,127
Фиорочка,RU1,3G6Idrff9C3rBHUuVh74YPK6jLYR_mAz_FIUqgvu9BuMWgEgCSsGh_8pViEFFg4QU9JRSNygkRXUpg,768
serpents,DGAF,r7cnFcFMWDL7069d-Pf5uzzBbdXs7EA8Jgs4e1yvizTsX3w4j5W550t1XRWilbobHFkK7G3_7b6wvA,317
angel overdose,kawai,l9eA23w6goktnvN1dSWH9ea1tG8SDVKCsjfBc7JMwHv6FyYijIWeqIK-BR8qyzHL3DTxSn5dH-64uA,1065
yoku,raifu,PNv3yyUHDkBouIzkTQy9dv8PN49gmDFOOeTQCLUewBvLAAeEvDHSCr3cE3aC11iy9p2XsQZvDT04RQ,724
Опытный Образец,ахаха,0Vk__tBV32HeJ4Zg-vdnqL_hIu4nLm23k4wgtPtDSHNGfjJSBU7W5veC95JQm7sLEmgPfdNybERYBQ,234
Tpaxни мeня Aзиp,Azir,9IXR3yNWIsEIwpFVMT3p_adVzSOvl7cSiAakSTMeHB9zzc3pvRE6YEqyYzYUgIo6E4fYJUDPcdsI6A,171
tyanka1337,GG228,PXVLRlK9qsy192X0jmwE5LNudqb_HQwd3Q1YqPQlw1Tm3i_45eqZgzlrgoEgeAmItu4oUYrdXXCACA,138
priyatnogopoleta,slay,HRk5DsJ33KmAQsdkZ1iUoqLtYRm49Y5GrCNl3vCQabiOL-Y-VLOZcRqtf8-bmzVdLC6FgnEEx_LUuw,890
Ля Писюн,Фох,PDFOyfeRYqOUgmHbapF9jVz18ffmb14gTv-SCJQoqc3u5yaLrfduPe0NhlsRBLel0IsVCDLXc9OHcw,462
Zhvoaleir,RU1,AivXNrSQYF3Wb-rPPwzmw5vN33sP61iV3Xk7ykq35RprJQyW2R4N12g67G7rulJoNvhGH22E4UB-DQ,50
тварьс,RU1,hy0rvAKNm9WAmZgkX_SG-Kd3fk_iAcHD3S9M08YjPUBw9mZN1BUJnCtD2abHcKN4MTUj337qSBg9KQ,472
Imfir,RU1,iZKoLnARtRv7PxOIllMfiDr6OxSlEV8VMGwsGdpUsZxRxgLynJjXhq4UoDG099YIDe8GnVKIex3-0Q,703
eбy этy мaлышку,ˆsехˆ,wRoT6O2jv2dWzcdL5tCrEnDkSYXCWLZb9pz0ts-CAcTcQElMJP0KomzwW-Ccg0lw4frxNuTB6BSF9w,301
ImJustBad,feed,zJ61K_u61f54L5Qaqpayjpj_vAoeCwR7IeCRN6IirKtMPclbPeJKZvVeoNDXeYx1OFPvB8vxaKJh7w,79
BloodsLee,5255,OkAnBMS0F4wEtd3-qYt7KAiMaik6idFQsX8OWwJJuDzzTGJp9tQqXVu9ouLlvbqjGptxCSR0xWAmBQ,747
Akeno,40125,nfi5uxIOSt86uwBQDZlydbw3D1L69-nowgmc81rEIEv-kn9gAcuQJIk-OD7G2KGpqyN-IGDi_lDqcg,91
Rayden,RU1,hzSGofepNJcjVfWvp9wiopbfhK3-Bzrf7y40nypurVrIDZD8tTFiGO1c1sdirjI1-FM2BwIm5wj7fA,220
kyberkotleta,four,iyEMAwYJ07VRAHEQbVsvQtBRuKgb8WCqc5FfjDLdSD3sCUlQd96X-3g3O4D1ALdRDKawCSzW2y4W1Q,761
Zenkir,ZMF,BaOwY_bT61B6hmO76M30FiqGIDWAuH8mGG1wSeZyacFlKvMVVi1Cx45l2RGTo99JutJltn_F_imN5g,992
Le0nid,RU1,ipvwrdYcCqG-Js0WQH9NKfRaGXLkxYcJ9FWz21nglSltal1dPqDFMwhWgnCRoHRpIaeB51HBbmI3QA,372
ЛИТВИН,БРАТ2,fuJjirXcXxhh3iZzvPL7bmBeGGuEw_FkXQWhnzxK3n2g9V71MFC2L51zofAROKUITuwphLS3RPVCDA,1118
ｍａｓｔｅｒｃａｒｄ,diedﾂ,rLQtbTRXmGnTU2_jIK_FtfhC5hDlbvALgq4MK55r1IJjIlmZ8I_pCaHyYx4178Oq23SdNSM2_TUBvA,60
QWaRVs,0613,VE4WEOZPzIZp9Z1WcGWOkx3fxqOAz4lnWMubXq7jCAFkYgrRmBgVLIBfVU6vj4_t7bQFqfKlx006zw,585
Чай,TAH9I,3MbdjH6NwMZnFmAG2TXGi-niWnJrO6Fq7yuIPUFBfhVl7SNEGD8qQ-egjahzJT3FxW8ss-QtvUigFQ,755
Петр Андреевич,TILT,F--XD70hcuOuRdp5dDCh8pV0QJaim7Jv5KZEPOj-2Mxk9-gOX_S6T4tCXyMegVNiHMuS8a8hAjMjLQ,61
спермаглотик123,ILE,oISAzINWZAdD7r5C0l_Cg1EIDBL7r4mXCgsxnAckRG6mI4tHKu-LIvS2dpuRQqCZvSlhQeuWfqcuqA,466
marte,RU1,1GBHHzyGAQtRU66qV1eQ2AtupYAqFXojYTbTs998Si6eh3DRoS9xcANm0VYu05vreuXbKfKmxGhOZA,282
0похвал,аауу,hbxN9D2SxpNsriHnstmoTVDB6F0BaT1SH5dYHCB-PllgZCPVsODA0o8mq_E1pLnUGjMJHs7Rklz35w,713
Aarrbbuuzikc,145,iCqd9gJTQkIx9-4OAg8gTHQDfB3NXyMuFmufPV-2vCyPCG3Y0ExZkaTJK_2qWmxAGeLi4iOq3vQJxw,431
Неопалимая чаем ,RU1,ykTyoEmMzVxaEfbQg9fak_FaYIpcvs3VjaUFbQRkv1qyZ8YT6ndDQ_g7pIX2QGaJUKCSi1wqHy98NA,373
esdeath,18Feb,tcXInUANokkdgZ_P2adG9aSB-xmYw8PfIgbZZLcKA6Pm4RVKBJXZgSJp1CekTlRs-c7ILWjDxPr0og,1267
Akiru,RU1,RCggcNWnGMDvqsc4GbM08W9vUJ20aW64gLsir8leiaVTZKb4Qygizzlf5VlIZxv7GVcDgoZT73OXuw,298
VEL0UR,001,zj90t3Y5-QVx8NUj6AqvzBR0n7AZanjQb-boXMiXQq_e7ABRb3f0NjTsyIHwJ9K0g7jlq6uAjKjwrA,902
АРТЁМ СПЕРМАБАНК,fanat,BjpnoVU2oWTdLdRinY6kfFO21W8PM54n5JGstM-KiO4E3BFaALWJM5P88Hc1CFBKWdN8nsi1nnVZ8g,77
tvsqmef,RU1,2nJz1iSYQzH4I3i1D7JojUHQY6J4GVyb2BZRRvK8ns1QOw0CmRffwfoHBpnZ_b_ZMGg-bmAoeX1CkA,50
Pink Paw,Myaww,LpaT16_gB2IIgiNvPCSlDTwxS6VU2SGdPHrAxi6j-kY72P3M5jUeyg20gwkELs0hbNG7rASc6dczdQ,283
Sadfals,77777,35a64SSTSx5pkEFWSCLC5_M_PFjQl_888swSHCA1dFCjBUJnadoG_15U7DCh2FRtck75TV1YstQETg,372
бигел,〆〆〆,kravEpFgDfvqOysFYLm3l6X1H0ZhxB4GuM5P2SdA1Kh1Rpdq60LD-gfKmEb4Tj1M7f5AVNQFMhtxMg,526
thienlao,对你着迷,OTfm4k_0g76BKwtCKuOl5Jm_tzFmxy98dcs3ERJx-AjrRNRdPLFnrkkAwX_aWikJMk6lkmc102Q-eA,955
Moscowski,RU1,S_83BOUBQIhQynVxfSQCRZn_YBpCGcpHNzbLtSnEo0PPJiPfOGeIfeNO-bqy6lQn1odKLjNyFahQwQ,573
S R A K A,SRK,9WNFyia-oH3Wj2NBbIWSmgWqUHaetdydI7-ES9y3Gur7kkb2UO15cIg6TSQWtduqvCB6hKH-sQkgow,981
Dimka2507,2507,BVuZiKdqzGUCr-8MKdYKyUGptgFPE3KbLfW0soatn_HCxonC9Da6kw6jyYL3qDmrQfBxRx-IlDKdIg,632
ligas fan girl,fan,2Mm59ppBn8nr3XBjscFF0KO6siGoBZYpx92SYMNcGktem9BnCmGqG8MVivpWxtJHiwqdJxUhva7a7Q,75
Tombar,CBO,HU1lrf0dAnqkfOaQnHIrUkjBBbSkQO0cW-5dVGK8RkyQXJidNJIVgJ_pHcXrQeTuyCGeIc1lSpq3Nw,661
STEP,KST,1c3bgYg8W73LMlYR3PkgIZuHn8rmQ_hkx3sDEhm80ag6rHd2kG0_NtVZZ9LDu5nfZkF88V6qA3Bc_g,363
II YüNä II,YüNä,e606IXLkcedm0R06KGppQm5hATi3P_Xv4RnjZlGGV8hGyn9H9enGmQ5xJopAhtDyrN_wN83yAM9CCg,1015
KokoHekmatyar,RU1,dMVsoGGqUJoWx1DHsIDKF7s1elm78dnGyhLdjRNIFfasK29bQCR0DTscYGwDEh_Q00myIwTHxfHviA,553
The Jhinest,4444,slSmkJOf5O5Qt8a-hpchaztP6LpMxF1gN0NRqPWfSXG6Ss0Tzpt2zBrB_9aCediKjjfURo-pY_G77Q,996
Да я слабейший,игрок,SfBu5MtpSewrzIKAPqHdQypZDcUeChpZhzR6evtNUj9cxdpWQKHq-KofhWOCFGhBlqRCOatVMY8zZA,1267
HAHAHAHAHAHAHAXD,777,oIjU3ErWYy1RC38_GGmddv9QLzeZVoKyRrCmwnU5xlGcwigYdoQ9JB9QVffALfg5vMcdlonaNU2eNA,545
Nexbiek,RU1,mjZG19_3blzAO3FUL_VWALKsRqghZ1nBVphOVdQBkYqTKnDS1fvJWvaALx5ApKOwcbjeChYBrBdpfg,409
回忆稀释脆弱,孤独是种药,Ls9UG0uuiyj-McOJP_m3lDgQXrNr12AWl7PiudkT6J3pTz65ssb_nKLtQohvIqXKoAMMgl8jdwoKXQ,379
DodgeMast3r,kilms,3EAEvlctZrNkFgmR-OwcPl9tBP2ORpZzTWskTjD0Alq70V03zfT8_51UpT-vdbah3ScgwsGWNdhgag,569
13year old girl,wrdn,rfJWn5Aisk71sJVyGT4kHpFPisAipQYih5YZI-xjFhtmoblWR0KwO1ntl8zrEDEuBos22EU4ly_PfA,49
Король Леса,Mr1,MBJknh6FgRZ7jVcsXDq53JfbtEvdNzh5d45BZlXx0f7oXq-qm1LtGTgBtbWVL_EEg3vwY3rOVBjE6g,263
Конфета,Candy,Xl32YOu2VEhCzInXMdc-MkcZ-lPOrrlQPaokTFN78tD-NjthzDRW5kBPePgRd8szFVqgFTz1_wYpxg,1200
Арчи puk,RU1,88o1MK-C2B0BP1COntTh1hxQvGUmrO9GwQYen_nBT0kXACJtG3mz6wSYk7lORoJJCHssB9U60-SGTg,193
女子高生の恋人,穴穴穴,sW-V7fH-eJxla0Dpozj_MAxSUAnsUsCaBCS2cdXxHbk8KKrVUfalCtFlZJbwII19cPPcNRXpjd7ocQ,210
XDXDXDXDXDXDXDXD,NPC,s8B9oIH_6kmNNjjz_suxrvQaOzH7YOOl0jfTzc5rFh2RotTcf3lLPePz6niHse14aHiXXK-wDufUCg,84
Minimih,RU1,SYMV3_eoOmp4nV2eCCVT_FDnDbPLDN6hNc-GIJjmddIJVrdOjbYtWWe0gd8TXmYaO9Vd4uDnjOWFgg,719
Fushi,RU1,8DQ_YWmbGb0EnCTdg9Cu6CWJXsizcKvzsDyV6QkaGJbSNmpwy3os97H7EX6fVlJ6M3JsUwfffndkUg,733
Вэш Ураган,3GUN,M66O6WLEEoKBAe4mkCD2mi12uUfxIFQurAZUgpXZC0UgE5_CnG3ZBFuZn1kExJkInw7HP0liPsL3-A,46
Nanab1,RU1,pDtusJ0X-amBSp-HstQ4PYan3COvSQxZCEdKBCgjy7cqSJiNhUyUHnTKkjxD8xysNVYTfwDQCUaYeA,429
scissors in head,RU1,VIc4tunWthinepfqLUGqY4eIUiZYUeZtCgtktOoopPda3mE9v0TaT8lqeynHe_ZvWRXrGSeI5svWEg,61
FallenShadow,owo,sJcvVlB5c18VvxBDytibiCo8WCibDrzgqWA7yn7mytYF-NuiHLW4kFGTspcHsTbyU-HWyQ0XHXVOFQ,473
Goshanya,RU1,I2xTTa9qQL1ts1y3wfsECJ2OJ2QUYJNbFy38sm9V4q-fAFbYkgxUG8s01krzmZtrgqjAS5N6FK8PKg,685
Shiyouganai,Sorry,BjzA42LwEHWU2jqaB-2gsHs1UKZalKi-c_cA0rBAE1wP87U1hdff1J2S-B4oTMRwNiesYzz8YdV18A,988
ЛАПОЧКА ХАПОЧКА,MEOW,abHG1WrIAl-O6VxQaiSYKuK_ZeQia2U6N_BQipbpq1YvUITfVfPsupv6tuOY8dV6hWI-WuFAXfSxTA,760
Savage BronyBoy,GLHF,k3V70Y_9Uycv_ZNjg_rcDz7OrzlM7gUWHtMeEac2-9cMo-RuJSdpBOoxsTw6f1PIYd_6GPKJVjY2gg,540
wakeuptoreality,ttwlg,m2_O3dmn4fkdz-dCNhUCddxMpfkgJmHcjY7KO9fKNyHcAHYNMAzQV7f9wAHij_vWORsYE1xZ4ghv-Q,562
TURBODEBOOST,9L9,NL_0EpNZi4JfDX4woPbyXj2vMRVJOyVDoTIa71ZiL_4jQRapkBnkILV-ABQxHcoQoz3iDcIi-RfrcA,378
Jedi,0666,xRQesHmJoX23g3O3HWPEwaS3TyGld2_VN7xJEKneZ2bILOSy2IHIvXBJRtC3eazlgPmp2-16Zoz1-w,344
lolborderL9chall,okey,bMv0Bib0AScKO_yTXFLFcvfICUlyQDI2npaNYOnbfh38wqPBOTizGUr79F7yhwsZA4bbphqCuYCAuw,280
Tokene,prime,AknnQ9lfw6batKcUclBQkSTZmT02aEzEfdl6_Imb6kdLXpULZdTGNMRyiMgs4CxK2mbpKfqM_xfOXA,739
daewоo nexia,1907,tqyIDV-v6H--hLzYpsuHhZXA63FncFyN3ogSHTEZqazsEYbTWMUFB6veOAFYWFYmyhBKp-5cnzD0WA,74
Øne,Yone,bH8sREvoL5qQdM3W7UPqTs2Xpk4bdR6bZAEHQpusmoPbYb2lM4_4Rr_S2w52H7ql3BEl1-IEOgU37g,657
antisocial moth,bzzzz,h9O-x1GPHH9gqzoopsXuNKnA1Go7opLM2HVk7oax6uSehANZ8E7Q1ovvx2YSLnfdlZkb2HH6cEZ8Rg,722
emphy luv,ayori,05JXsNGmTRuRXB-FBCENIgJllsBBSwZ2XpxBDGvUIGvFVUm3duIGgJYt9a5nEmt5qoOgG45Vp7apTw,345
Esssllllllllllll,sil,kWs4fojJdX1WwnhNXN5rk0gtKC1mhtg-rwKymD4Lw7nPkKhPWlUz32MDJ2mQMP7V9uv5w1IXG3lzbw,104
Ákâhírø,Charm,6GlzmNXgUfV5EX3zmKax8Jkmm5AYJuR2aHWfPFe0y7GOcYnniPZw-FeESQNKZFLRKBIZ8fElGWwSzg,991
ЖЕКА НАФНАФ,PIG2,u0F-LeHTsaWeX6qPbPBCSdgR1uf9J3ObELxkE99rIIKkAqCnxhLITGNMb5K_u198AiTZqmbyIGxysQ,746
interisto,ace,tYBmLwiVmymaiP3HH7oteE_tGNMzzbaH5P_TNdbrPkRvLDq2K9wQhdMbcYeFJYdHHTE49VqCRB3McA,784
errorrLV,LV1,LEd3aRbFP6foBcmsyGEflAZuN3EfsTJuaMtxLMmcmzEPmQMAPFZPY859czShQVTeAr0AWihp_eGBsw,1000
Jhinsane 진,KHADA,CfMHzg8-UPQj3ubsWaISnDwrqlUHy3Ncrlwdu2NU2EFD_dNiGKSkZxxsiAT9OuGrLUrShSz1rliCjw,137
Dishonorabłe,RU1,Yg_wB2hft-Rk0GjyEOttxYlCXHwNXK_TrnpGxIYX_sFy3XpE9YPdbcp2HjP_ymAOD8OvthZQ9Qz0NA,236
DesperateCaitlyn,McRae,TJDnzWJ-bslW7jqiTLsVGsof0hHGtnMxjyxi0RPG48cjUnhQ4LgRSvgQOMgu9xDRFwCDq-fdQe4_2g,46
дoтер2,RU1,zl0zDdPEt0WfHHrMSZEGyIRX2DRuvCMEG4X3nLG4K1w3N8opAB-DkfY5hhayLSKe4QKk5rlWrefXUg,698
Midiblack,RU1,UcJg6n52UGmeYwheAylfx6luM_kj_oPtIJVoa8XuyEREXNax32weyswAgQ-845ASMgX4T50rUQDaOA,675
чмобик,нуя,45ft1L7vd7SIAg0_9yiGeZ01DrvP4wppYxbA7LBS-nnRKxCApmPuTkRKoEIKwLgKImxjh-spEPAsfQ,96
enjoying life,fun,CgXk6sKJ8hFGnw27tOjpePksnXIdZyhxs0lUv9QcjLqwgihM6LtaphZ8vSKwWhpAR89IFqlWImVJLg,1073
umd,RU1,l7xEgZisXhGIH189g6JcuPywnZhsSS9w5YcH2zGPPBFHjbu8JAN9xNwrO4j1bzPbWYeAfOLfn_Hz0g,499
mitrie,str,HS8H_Mxr9upXRPOBm8h77fbOm1dYAKIk9SBXzaFIvgQ4J0vy7MMTNTU8aO7HgeivT0ra-74Tg4whRw,695
Forikon,RU1,sxeEjAXfGTUuQ4R0sl16sxstoP4-XukBzbxj__kd11ln_7eiuhXO3_y5AaTSNHHKr6YHUEIcymar9A,810
mеteоr,space,b9PSCBjt8UgEnJNAueD00wlXb8uVs1VMhIxP20QQNG_YxSGyTbnzsUsLFEfdtp0aq2yj6Yp6baoVGQ,259
Red,TQBG,FbQuwv5t511ygKGAV8q4bnjnLDxPieKWOzx-QGyNrQemll6pgxE_Fsl-FjV5IN2_axOr-nLrdSZflA,166
FoxsTail,RU1,_6QfdhaEDUtoDW4miI1W6XQACZJM2G6KfpqFdWwd3W0eVGYB7A3T3GGQrCcds0mvUMKXEQXjuE26Vg,747
Кабриолетчик,BMW,J0FSHW8xwDA_rfn6Av5yomRLMTGzXsbTupuEcU3VYJxeGUYw5v-_ElhfxEA9m3i2PmSNV1i8bmqvLg,965
ESPORTS READY,0000,_mI7ezSnfXozKGx6ZLKGVNjl9mBHfVVdgWdiU9BcHTeQgbF7KBnHuzD8MyrslZb3a0OK5dUAEOwUmg,44
толстый негр,Huso,-iRAJagQpzQ7fVEUxZryXdpOodPvK8kgEhEp5ejOLATutCeFSVdEcFYeOWjz6JBqV_cJTRrfjLydSw,52
в потоке,2727,BYtX_WMBRpWKF02XvcoHCBxg4sNBMCsXPtrhPGBnnPXMx2FUm7TATPlEgINWC3hws9b9G4x04FVu0g,47
LADY BAG,ПИВКО,xBbcGZcHm9o2MhSY9BEXI8Pn_GMskyNh6HPhQmqDb5ap474in0jllrtHH5qCUIO1fhN_IYyxESfuEA,109
XDCARRY MACHINE,RU2,qCCD63dA82GNPYsX6TaFwapjAb_pDbWN0j-uu0nuZ_Vof10hWeIj8iaVLcmnr8pnzYfLdRC9F5fp2g,49
SMURF KONDEECK,RU1,xH1Xg99IqlR7Ngg8Vw_EyalvyYFc39g5feBx6TaFyRePTEcdEbrTq7QGGlQWg2z8JVW7or9dleuwEA,197
nostalgia,s10,w8W5bsKe2JWqWq0h3Mx1fhUn5LcgG1PDe_qliUDC5qvSeX0f7WQq9cfNUHEwlmgHjFQGUsAPfJBOCw,469
自尊心,Yik,9wzaoXdHAteinA_m31wuXMYPgfg_73AH6UaroPFJA_vPZpWOW52A_TCiYbMUKmjBYBBiPUQhdgsTAw,151
Паша Бог Cекca,RU1,b5GUedyx5UndEVENtXTtc2dZxAmHsBY4uuvcxlp8JwgGIpq89c-c3elJR7GCH5QueC-xgSNqL69viQ,194
宇宙世界服务器最佳玩家,Qiuyi,I-GEYMskyOj7GBSQLRrzV0eFR1bQgpWst9dqMWkRxuFzd81vP1yKJC3hCGHUVBIsxkITwk8GJpWT3A,54
Lawosstone,RU1,N-nnkgsjcu2Ee3536QSwf8z-5QZaeDxPW9jPGAC-MpP6_mIl2U27Px2gzcDteGZhPN5Vi56qKNQ-5A,48
Drunk Gissa,777,ZzTG0f_TOkNqJ6csxiz5B2mIO4GLFztt9b5WK4IE-X6o9EaYhajXTQAvmtP0Inv3uS2QJm3trami6Q,78
BroDante,RU1,5katutoU6O-4Q4m_jbkQVODL03vrLCE4P_NsEOLz-atOs1p2oGQEbPmZRSHdQ8eah6Po_9ED-kkWag,948
Mentalist,001,5d5jJCqYj3F9_e15erlnxtrBU9W4OKXZAhk-GBOQDVmr7JPW-ZWjbf6cdxY-efooQZpRAB_-GYDqEw,962
MyChickBad,RU1,9x0cEaJMFD3-FCkQNGekPnR8C6LHdrA1x6Hcl7O9IpYL3h0hws_2slmy2w-FQamU1NzYGXURvzmCrw,908
посудомойкаEBosh,кухня,pDGltLkVo_kHe9_oRcF6N-hT6ziGaKuW3I5wWkqyPNvRbk7flg_nnfyg5mHKGfhDotYjty1NIAumfg,694
GOATZILLA,GOD,RZM_-ecS6WLMRVf5M-zS7Q3_UTAYok7xGrMNpZlcY4kF_7PEhnSLGdrvUAGxjY2XD2ouik1IH2hXKg,389
Smalx,1055,HIjfwyIm0n_NK2PC3qIEBIa1Bdj8mJY3ujFNpBUDAKmIAGKnBl85tTXOkLhRGndiRIbxH09DEn-pfw,106
sadfairy,bimbo,vjVVPujqAnW_-S-3jwlS67ur0IU4yjPkqB0icLoOLDxsmbQTewot_vzBx_4jPxovyfccfiKy-9Xk5w,738
tvаrь e6aнаyа,tvаrь,89ArVt2_-dMZqM5cTfWm9b4ZOfPKXJoacojOQN6e9UVzd5QDEna-h6If1CXYH7s9_XEzDpQDr2An2w,1719
Chart21,Qmiss,qFVvE90DkL0sO-oPKgMaccp5qF6ku0XKsiZctBzS97JQ0hWGXR2ewRX_lMINzCHFSFKeWcIUevrkCQ,852
Resurrection,8431,JVH2DVQhVxZlA58q4RlPcrpjSGnH4_s4ZMYfNIcI4F3_AXuT8nvXJyJEYVVkUj6v0mgRgcEGT1Huuw,598
Zesture,MYA,YZEPNJQNmQqeKgTchoR0uTFi0M4RO-9dighsRfQu7KVcBXg4nP4amqdiedjzQL0yYhciAUySEIakNg,935
antihype774,RU7,imySWvqiKSmTqfIt5OYxJDjkATnFj29fqXQdWP1fOcLHKvYEJu3IFCDBvGed7jj-z9JxJqZ_5seyTA,311
Топгап,7959,Y9wqArzCbvw308P5hjRUbWY5B9sHn9uyF-mwWx0UNHai5JZL4KETfQT1fpcV6lw1oDSUYLLiei933Q,389
get candy,сncr,8XMfJ-eXArfsWVgdZdcItJegV2Mltjd0p9XGji-VY9q3PhD-16QdpTregBguwSFEBBfJCrEWmQaUJQ,119
孤独の中の幸福,ALON3,vbCODz0mH0LrOU9srMEly4wKYMuKU_LnW_x7WYTWKgpbKr4lZZQaFIrkzeWehKXgxlnRwARZGEZseg,219
喻文波,HAPPY,Plbl1gvNnmtwjjr5yjZLE3z6QKLxSAGpJrJ4yu5FnwXSdzufjWPcRLx_DQ5i3fsbhLFl6HValbN8Og,267
ОлегТвоейМечты,9634,MV7dvPhbPP8jx3u8rH4mQfWwzBUhlZDEAQ2zu52KQz11U8elMEY3LZQUYn47sSvBqilR0XJJmKSu1g,919
SIGILKORE,684,dEmIW0Hl_TJSdZ8dIvXORCKN7ETlOZaxqXXqZxTO50GHrfB5eFMe5s01p9uFG0f5dJ-QxU1jT7DG3Q,689
chetoxs,kek,CAA8UCcMkiJukzuKq-KZTZacJdpvpq9ZergAMjbB13UsWBNRXZtSYnvjwjvT74I_J_eR0qXK7F9bWw,102
Cinema Server,stomp,Bvq_yuW80TWbI5RwTooGc63QFY1rHgnoiK884Hbbd_IQqPlx8Vhi1Bh3JbAmqXzevE53Z7iGBw-D4Q,44
BUBL,RU1,4Rya2S5j7xooRha_3Oyyx0nqZU--Ndpwmk9fqmJN4HKiB4TKqoOFqxAUH2en6hBnQcDzRcs6Jd2nrA,1098
bimmi,143,yik-zhlgsgWaVVe9rYwQL_KhdMkk1I3vFhWMOeyyrzb-V57q6qp8KIqRl_GcRx0IU5NycftGNDM3Xg,431
Gleipnir,TwTv,LLWrgkA6L_ckE3NCpHIIbuAUpaAo5FxWJrbtbyMR9nbbkUeY-em81tee0iBYZFGgGH9CvjX9zTMgrA,178
Sebeh,RU1,-20MeiWYc_gDO4Fu7Cjt18zbHxk4Nos4rbkcwSqP9CmTP0FPpSDP28tEpfEq_qf2ef5AyohkHyq_Vg,545
한국인,RU001,2FLFEToBKlFGZU8LcswdoVagzPGdNrFMqiunctJ-6An4rZCuDNaH30LbtfY2W2g_ty6wuBAjUQcIrA,414
Cønstellåtiön,UA1,OrdHuahiQx2lNiZKLvcmP8kdEAkzZ66mPGy49pym-E84VdbG52GWEeTws3h3fH5paGbBcQbH2saPxg,562
СringeMaker,RU1,Sa__c9sPMd2AHUSPVkVs_Zmo7L7GHYXqNsoi_zHCKzH1Gbg3lSoc9JisgQK4zlKPRnGWMu6RvHhEkw,637
Pilov,Ru69,LPNX3nkd5YTJmuL7T3S5tGNrYF8GqKO_TR5MknRtkwCBpwoovl_j22e7LZ55K2O_kWPR3Tr5ezXiPA,676
mоmmy,meow,sExErpirJbRUlM9weAE8_OPTxKkRLQ4NrT4kGLhVUQCsCG57x8is1_yZEidzp9E4lw_HbEUnHmrEyg,1187
алексей ельков,gold4,J8Cz_8M3OPKCdWTf6Iimv7YZ3s7MuOrnJivttACxLoOC9JjtCoFcHM6SjTntQSPziI1Z4kTDVYLk8A,376
Volkswagen Polo,RU1,38tF4oghiVhv7n6S4qwGnIYxzfhx0TMhPxipD44HxTuJxA7I31mDJ4BEfSOxMK32DTt_9ZzRb8P60Q,77
Reiter,RU1,_A_nvo7Y3Ea917pZzT99BftGbeSdeUZVqqhRs-_v6BoXzpQH0xmwzDli0jE565ThxShkXdqpXNGiXw,591
Novich0ck,RU1,fhumPdLsuRLibCvnNVgZg5y4zOITVFLmnqoL_uJhKubLNTSoJe3MX1F9fpBZeE0LnJPGtad_MMAkPQ,118
eexa,RU1,vbqfpmcfKpxKTpLZdysqjBAlWoIoglUjQGkzGAOT4nCOhGecTmep5hamfw-8jg1zulKcF8qOo7ANDw,966
Jackstern,RU1,p6bRKGkDxttIEyj_-X8axWMGF5-1nsXeJKA0nOcrB1It87aL7z46wDTgUIwbzHWDRaDjGTLxt7EzNg,423
getrowalle,RU1,-WQCXBz_57CAA2iwGUR7djpoqVpVwtUSIJwbuhvWGHPkO0NSWjjGLUnRfk7Z98mdxj1PqhwRrU5New,791
Бизнес на Вардах,RU1,P1i42Kjc-NcBtzKjWBlCkGNkSQ0zqCgLJolTAUw9dzu5izsvpHJPh587kcvj8h8aWNbop0Q9JaEK9g,274
Гляделкинс,дозор,9spl4AST6fjnVeBpZFmi0x00_rOuxgJ6gVVqNI-Jqpct0N6qmMRMBPY13iazcvS9zh0OrjWEdRm89A,41
Лалалагаю,slay,zqmo3GsNT57C5tdqEeQKyYzJMeMygas2oP7xnMRuXnP1v8xmT4V1y5glkopFBz1HgOwn2bupNuWpGA,458
Джек Подрочитель,00001,FC6RhU_zrjWcgcyd-Q8c6FNpE0IxkybkT5RNNchFrXIIn6X6wnK9RxmOlKiR0lRXILPSvICG6se1AQ,336
GGTOPFF15,5065,nlAIXpX2DX6CubRV8UW6eGzxkQ1M-5R4mqa2o5v28bYC2q68N_Vuad7t3CnHROrnfmPVAx6yr8VjBg,1144
HERmit LAMP,4000K,0mQ2wy1n83YqGjtBl3DHkf2_00oj01dweX61ynlWXJuY-Zy6TgmgaTpLQxatbE9HBcpzMxfGwrOjbg,130
i know im sexy,стиль,UXWNnWJuQ_hto0KiZrSU-quaCOwrLU9J_FXl6iSOO_8OMleSVRwX5nCDDWpiZ5xQioqes_XAn6jNiA,248
Казукон,RU1,7agQYCvWQYA1YsJn3HKYCf-sqjejMM2MxxP0luFPsIhUVa9J8j6Bt9OmbH843uwrhEEWA4SsMLe7YQ,502
carry4uwu,jgdif,ELIA8A-NvbSlkriNSX_gR9n9IFYhWycyyX5rAdatTyKAwuDznE-dCieEtn6p7ybp5tBLbQhricUgHQ,362
Буданов,ГУР,TbmqapnFWuHk6gHx-hJ2-P3geKvmyxiMrrIzTyH_YDPp6uXxFZT-KpWfKQkiH_Tg2E8T7ZJ15w0A7A,355
Кидок,RU1,rkgtLbi3LFe1qWE0_DEohCFQqUIMKTsIzPcouW6zWd9k6cBVY5ufxMV2yYZQisPHC1QVAWZ2Z7MWog,784
Eduadan,RU1,aSXR2goF5ibL92eOELCHldNAjPj8QOQA8OVZcepCC1NfErw5VPXKOjXOdrYJ66HdXLXJ6dJx13T-iQ,94
CoveredBySuccess,JgDif,gqIHvqEUvYJ-hUlX5AqnBzU5z9YVDfQmyONgucaEvQ23BG3Ym0aWa6u9v593sf1mMkSBPtcsBsTumg,424
Rezzerhard,RU1,2dV7PWo-dcQBnc35upYOpHjG37f1pDRHA70LuDG3Yz_A8YZ69AzIVB14Ct8ec4U4-Dim5fSbNKdedw,754
DrFlamIХ,4444,6hwYxJJxV0rCQTrAccJyWMYvZaXusSwQ8-IjpMgwciflLSjttotld9Yisq0l0sdJMCwZHKpoT7lxUQ,524
fan1 ТРУПОЕДКИ,TRUP,G08JCC98LCosVRb9D1g6fpt5VfkTpzyD5wgndON9uIs14Nq8H907s25jBBKC5UVsFuaOQbrqqhRpBw,96
Odori,nvm,GC2wZJYKCzXx3oxrh3BptGxM4oeQGAfPwo7MeyenG4r2Vi1KlNpDikP7pnsRvDH-XcliYMRtaINvpg,147
Gayka63,RU1,vrl2DWZwVd0mkPKgi7TH0zwUsoqjTAxY0T0pv59s54lPVTQKQL1LsIe40pr6sde7JV4bZFaXWPBp7w,864
moodqk,1337,GCKvjtgUUOw9441MeSaMuop3nOv_92nUfFliPk_jFFKzIvP8JSWJp6OEBtqVh4S_0FOqwz0XL_j3Rw,527
ZETKING,RU1,7eqI9btZ67wbU1vf-GTC2qmBnBJTfeItaGnXyT02seHTc8cwgGIaG84MYBtxLengrB_hh0TYknDYmQ,715
lincoro222,RU1,MLBhjVvGYB3DPpmPwzbnTJ9CcijOmBZS8x4tCHHk2nio0s9dYKUvkv6LhiymQ7Wp9twBcj4VZmiSxQ,251
10Py6JIeu,balls,seLH7p7uM5d5QzObwFqqxxy2a2hFdwjBuuyO0Dwi_QyQUJpE3gOXvHIynp8krx6vm24b87a31q8dbQ,644
NemoJ,nemo,PSHweDAqdfiQi9XSAiAJlzSs_MXrUsHJZCkACmwwzeWQEdswe6dCEzsZ_Yfa2vTal3TzuLSscL4qSg,311
Flashback,ame,CdZ7kwFXJTqzevqUGr6io38QOue93-yjs0WI7ot3_8EniBFBccMlEExHhCkOJiVRvhAyWvXu-docKw,352
bad sad and mad,dog,5zhwBgg-K2Ibw4g023TUlHXPC8G9_CX4Fy7h15x6RWNatQUj3MitdCRmTIMw_CaE_hukEWG4sPeTJw,823
DekinaiY,RU1,vMscbAX_XlEWhHIYtNPYhJ6asyDIl768JfHK5zIOn6P-abx2qsTmglQaA1T0fh6liqon4Q0pGb2hSw,351
ТРУПОЕДКА,TRUP,JfMbgsiwdriNq6S0-I0rZn5kERS0YcfMcDTyzUMBqs2ZKuGdQuoUdvwle4ILOnzp1fv9RCHn_J0ciA,404
أريد أن أقتلكم ج,سلوتي,RKhELRl0GqvK_EuNoETOJ9eT4OkjvLz47kkbwF9inklIMm9_nMV6e1AlBUyQnbwHeFjhwHd1qPLG-g,821
Lana Del Rey,RU1,dPJw-6G5sW58yd2pY-fhY9zdPfxY4MgZHXrwhwCJWGprPgAOGCy-hHrpPQpbBXvK9VWSmA7eQlYoww,606
urpok,7097,QpKSPnQFw3wvdx_iuJAnUw_00p3fMn2eaKafmB0vaDZCVZZKt9MlBv1xw_4Aypl2l1i1nfUfUUB0eA,51
Solar,glow,IVXCTZLxforXL_xCzkBT6RpoPFQvQGy-XCCEwFnL3swh6-zPm33jPS64s7WLiqkxFGDxpeZL380kBA,72
Alinus,RU1,il9oe44Od38r8OFAmZjU3uSB3ltXGeosfpAJwWOrzWiPd4tqyD_ryeUUWbKQPJfQOggI9aP7jZMrhQ,838
PlayUp,Окак,JDhsrTwszHGmdZClY65myFeyo8S9njDi5qj8RacvEgr9n-jfjppst9vu1OOV_fqf5aRyFgwmwsDxzw,155
KapitanKakao,RU1,Pwdt-j9lvMDlVJtcufxawctk-obitBlo6KG5hfbyTrBi6JSJRCiAVWRVBcKODkP6YwzsZ56D9fr5GA,725
lapochka,46375,JrzumPzajyLWkFjLSTnWaBEh3ik8v6m9R5iRpUcw4r0M1Utl-rzeQ4H_M1FoksZ33xq0gfTYj_fvTQ,41
iPad kid,фрик,BLv0kKtxdhXjYF74c0QbM5WEY0coRGliroqYoXlg4cMjoxOCr3Py3ufsO9hr1KKJ-InPP7Tlt9tNgA,673
xizanax,NoFun,HWQ-_f2bITSSEgAQ7b6nWpnPq5P4J2DJBjYmUe4tCsDM89mjFsO363WhSczpVDaocbfI7R-4G6ehdg,66
Императрица,asda2,7mrMiZ3QVSXr0Af22gohHEkiMonEOlIBU09RpPfZCiYPHEesRQKrZsLTIkeZCy0FDgJ_2K7GoTYKCQ,709
Flice,RU1,wXRwPQ3oEgnJRjhn34FyOhtELu-l5UNBUX9Xwgxh82n0k03kpYnZbpOttcVGrkhvG5YyxwnRICIcnA,415
Soulless Chara,RU1,s4uhZJEJo8wvixmijZDND1M3YsZp__hOUR8lHc4T0UEOPjE-i878a5K-FKFvERCVYuhBETCkIbQWzw,764
Winterblessed,life,RlxmUwBJY4nrzP2RtkL5XPKxaFy6_w6WxsXQbhC2OWG5jVKRXtsW40bakdozjBtBpfGcWdBfFuBxpA,1495
Рудэус Болотный,JgDif,87fZ1AA8M72hcBzvQ4YLtdIU-AAagDqevRhnP8y9fnrm7MmhXEQiVLOmIOEWnWfdqUNlTEuH3ceisA,949
1Burst,112,LBkQMgH_s-HdVuISTgkwXqjdSCpN6GVQTVNqHBLBdaplyMs6LwrCJ_pn6mNLfd3r5u_3YV5LjJS3CA,891
MindControl,ggez,jjnwVvBO4HRrC-KKRlZ13tYph4h2UWT33gl2tFz0V9pOHaMp47fVR5_tPBsE1N3ogYqQB6QqDJRiaw,51
Joе Biden,USA,_j4Q0qJUev0AynFBmVWaIQtThPVlemP9se7EoeqeMie7AlDZ8cU5Pb17WWXI2h1haPgvIaTVCmGlZA,126
Dinni,5057,osj0PGBunDZM5cFEXVtNHieLHeEFaXyKhDyKa3wmnwqDH6gkgcgGkEx9OCXltbHcZyH2yJtwdlar7A,919
Geomond,RU1,CkV7WRCnVYtsv5ddWKYKvh0z4pooZCuRApSDNP7FGYs_V61dELIZvctmggFaTZNDvzCkUgpFA0xX5A,562
я в прайме,WWW,wFXbMEzUS13Wh-Pug8wkL4z5b0d7xvkPx2z8qMyAuZ-cpmOngF7lswv23E6N9xulK--D7rvkuL1_Bw,903
el шмель,meow,xSO5bYFZq1-vXUvLIJUefxlx44qOcTNIqO6j7e_mgeI6li3UdQR8VN_xDfJCXgtFWVJfkwbzy976MA,372
Fisik,Kisik,_lHC17-jeGNKtYCJU544T8uVaj1KMYbgIt2cFrBxXoj2zXZa332KJks-HJ0XzoQ7Pl97dVg1kgBv0w,1041
Gfexs,RU1,N-BLc7PY_sS46JbC6_OEHYf8cnhwuzywtRgQ1QfYsrJP7klIE80PN5PNxmgq95HaXbfhqjxz3kGvLQ,1133
risuyu krovyu,axe,JWkg7N4VKfjznJX0Zg8GT1bMR4KS5ZsONAd1FS5bk0QfF2ODGAZpeLWsaBWJfN24ghrHqVZWw8iXDw,411
ВесЪ,top1,mOXF5ByBJz0Xkvl7GKoL8w6Npi20wuLonXMEf6jf_OFdbkB3T1FYiz6dtDZ5r2Ujcay_Oh5w7bu7rQ,391
СавелийЖарский,GAY,pey4JraXtOL2rlaa2LxLnu8hmctp4bHR7vKhSPWHdGdZi1HT8vtgs2jkQxNB1zszJjdYSUlRScum1A,67
кокаколик,добри,2i5sjcSgjzbCdNDBAAaL7G6g2blaYZhemsSQUbWQdMhSdQ1cn3unkHkmS9Gzd8ixKnRzKj5kLh899w,505
Horny Xãyãh,meow,BqINYC5zKUB9x0TyElaWqJIwz_HPxTEP5MJQvGmk62rC1nmrf8YNfDot4XZUlfRVELYc974yDYVP1Q,803
zatfix,ebka,k2g3Cf7QIhccCQDEm0nEMAw0Hz0ki7H9RTJSLsvvrMzD2707fetMpUPCzAcRe5wyEfw0DrRU6m_3EA,639
Солист,YoMi,SBLBKneNCqyB089A8ttn0678F1rInRDoFvVA0jPlsyuXMQDSWlTwWuBvArLpXtmXrFxw9M9InAyCKg,939
PиккиTиккиТави,24ru,CrwdFCpz3xD9-IkwNllwYP0tgYqoGtnTME5R9FJ0YHFJk64O153odSlqg_mCeIxCViqVBGmxL9kC4w,1395
zxcмухобойка,123,lvts8y-RqSIi_igdNUyQlsM8LTLJDwujONUnvkhRvdZIuMCxHlMxOY-9EdXIK9RTMUHyR07SvIZwOw,621
Грибной Кошмар,shrm,x1LK_abylfGO1ua2eXmEjOxrkUNOmqVtlLZK-gqIlhurAokbO7d_GbecMkkMz2HEYN1J5AJTEYTgFw,797
Тисли,RU1,p4uOtZxUwtTjj57eBlV9IcbgRaZNr9VPorc5l5G5I6bVsAvSZU-tvKWsp1397SBamw6lY1rlF3D5uw,310
ゲイボール,0304,coothqHfwMek4yumM3Q--ReGmfAk3y6-CFmDGVGPU2EXUnE46_GPxGKYf7xT2lWipXrLeVZf2r3wqw,1210
honor my janna,loveU,1HBQX6ubO4GEMTZPWdCbtaojPl_21yJfkoW-i_Bqg2brBW-5sFwbKsb89kelvGRFemjfnPqqNWVtiw,57
Iskatel,gold,XLKT-8FECveLVtfUsBnqCSElkIYuBRRqucRPHozbzeLk1niCCob0LAILqO5h3QpVDdAX-DiDeNT36w,694
Kiris DarHraku,RU1,G4XptuY59nZvmtCEEmnR6bFnNvPRdAw-SGcNFRyMXJcLn0X9-n9JP6GZ-aE_fPV2kUF4nP9ivECJbg,70
Vanspeur8,RU1,cTnQ5rPhay3vwPXJ5V2i0ImOuBceOPJQogyBxSmEJjqZND5CqvCfKaHpexm9XFlTvt7gGUNJo8I-KA,104
Zeppeli,Zzzzz,VJkuas_v4nmFlv23yNXJbTtlO7QSgqDq5s2EHlhoBWvZ6wede9eoxcIYIuwC4A0YOhZFE9lRPcqwvA,98
999Souls,DE1,8E3wjNsjy_xXeC6K5SxhEVIzialeKNZvYHVfcHYdHdSlP1rmsAgbnjDCmo6V2K4c3rJwaT9T8t42hQ,508
ATARAXIA,4767,6eTD17p2Xi1WE-JvoWaxRP-RP-Zo0u0nufFSxIq1lQdXwDte6tjLyXQHilQD8C6u2A741iqT8HSzuQ,302
DNOOOOOOO36,DNOOO,MNBewb49qv-lBu_voEKN531bTedcNkOZPTBp5H_zyX2snKRWJVG8cohvo_SXsIa8PYzKrQ1nXyq5RQ,990
протез жёпы,RU1,WXnxxL2d-weGqTzX5xo1PrOofqliID24F9t-PSKDAKXnLwF2uEsMyQea8BhemiUwl72XjC3bsyA6yg,243
УРА МЯСО,ROT,JuCG85Ka45qkcahHkijtAxmJQB6LlFSlEe7lbIT-5mNgAUMa2x3GSUL7KrGu5mUJn-OWXAjvbSeCLA,182
Dragnil,RU1,a_nfymjsji1ycfEIjrh5ndLt4zlpi2UL30O99b4_rpzJcXJ3DPuL5sUp1xiBNR0JWAA5uJtcrN2u2g,1084
придушу отшлепаю,Москв,6QgzEPZU9VYo9_vqP6mO5La6ltM3T6VODbGdNQn7IAfeCS8Xi9ESVWTXakOeVgSt1anXFtCfnwZ9eA,1293
Come2Pudge,RU1,3GLq_ieski_MZxB0MedRKB4S10u0IlY1n8qkXc3sWKx5Y1fFyqCM7H2TZ0K3T2QZj6YHum_suo2fAA,376
yata,ру1,pDQ1Dl3wfisQhAuBo6bA7WRKmZNanF85QFkojUuUxGuGdYpH-gktXVFohHETCrUwgqBOC7t2q0r09A,348
Gryphon,715,k_BupVKzwzbcLTxwTUm5q08IgKyrUIyL3x7IrHENlHySYfzghzmlSYwrRX6LalSyWGSNwdxsKqSc4w,548
Anaid Moon,RU1,fRbzRNMUaZQfQln8uGjGPlU9kDSrLeqZkPzw8XTOl-U-Bcu2Upc4PxUZn_N5JTBz_EQ_jY2X8u_ECg,874
ya nuliax,null,_rgkfherd3yGskufC_Ygh6ICrelfNP7EOlaH3BPbB92vzuuPjxr7oAQRmDunGOWNGYrylAy_EOzVIA,127
Elkoonn,RU1,oXOHPQBNgcdU2NHa0Y8cVmzh5tsdJEanLM3GYFLpQXR7nMqR8CY4RozF9bOHf8uuZY10mDY64rPnTw,390
nobody,ru2,3QidRtAmPh5ZilnYP0R49EPexFiuxbyBWwsXWQhytDziKkRthYvicZ17P8OhGqk7R1P9mbJkqNpVjg,462
yourtears1889,RU1,MQZ_Hffo_YhZiG2yZ2mU3aWelSQG3t7u2lU5pyFwVYuWRWsLONYvkdv1NKnn6Z8vjJzerucjL3axPA,109
Enоt1k,RU1,q_jAarfkhKSVn6mrKZPny4ktV9cxVKS14s8KBIGpp_o-_rwL9lARtepv55o26TfvwoVKuFY4AJzLmg,680
ぷぷぷ,001,zoBDzeHz_CL7UZ4w-EzV6jvdbRdFIUsGgXGB9wMpYzXZTjk-MjU3WX7icumvrNcaZ7ZBKpTjjqiv5Q,187
Glasies,RU1,QEnPf6HNChibafLo3bd81zpZZ03DEjgZC5D6AA-umvk_6BQpd8uaKUfGCfcaSmnzAMYVcPSnDRm50A,810
LaYz1E,RU1,OEOmTR-0eAg5vffJg2kt1l19-yvD5Eb25xjIl6NcQWy6YoTrS7z2_9MQg-nlI6PkroPgK9f7qCtJLg,948
полумягкий,RU1,qiA4iSVcBkU0_Yxeeo7cWQVnjC1i8EsZubUx4geMawIKYACVwrwFS0v_bLHZ3FvbuMVfgWZuHIduUw,899
Avoid,ghost,u58Uq7lBZOauzswseaQzaUM0rQRVDDgtbk4B8RjRji15f2gcbVIJSQW0su4mwidDEmGpoYOk9gei5g,713
ЗлаяПе4енюшка,RU1,MFzMjLf_mj9Lc6JjUkgl-dQ4sLXZA1vLJVKcu3iU7LFFCSog1ApL3LpSd4NvT8VbyXZ-XrhTsBU2IA,131
Вино,LUX,1LSZkPB1hOVB_UI27iH36dYvNfJSA0vWnzRPxpoV92AbcMJsHt9dsQGCDKjULeoZJMTXFU00eW7Hew,597
Акитсон,RU1,PF3PytOWgH510dKpT0N4WzuELwj4dIIA5FDb8lqBmMInR54FPgigsntgZJr5yTNjd78Guo7YZhNQnw,872
залупу поцарапал,кот,eM7M_D9aM3n5u2h1QddYlfqK72mN_WrceIVVaavyX_Xm1fmEqaSOZSs747kgiIoZZZ9fzNw-8ruf6g,185
Завтра выспимся,RU1,ZAkF37ldBwfhnwD0K6-TilQxthyWY1mb_qo3xhC-kOaD9qV-7zg2uEgDjA9PfC9naMUSZ2ACZ4lEeA,1060
Glоrp,ABOBA,wJATHwhHOpMltYhlYdkgJ7olq4K8FPdZY-nbK4qjbsU83mQ75nOKYYbgpGaWX5x6Ym3LdrPFy0nZkg,52
Синяя черепица,RU1,wB3dFXs_DUtWTQFrAPey8CUA_-iCQON_w2pwcc_0I9AyhdwHtPSdmIGlj8KPntQaSOB5jyf3hiYtiQ,1187
Дикпиковый самец,ням,zqUpxvcISb5oSpHTy4qnWOab_nubSBChad1DvcpFcjeN4s0BK2VOw2NWI__70VS0G9kbD3M4nZzOvw,386
Ertiqop,RU1,Lcr4xYk7aAkieNFVQwsjlydrHMvolDHQ9W80BM_KKOZqW4o1cTSYGP5FqI-NUEgmhR8t8D88HmK5Wg,610
pashameow,p4sh,E_gjT7yB0t9QOe2DzVToo0emauWgcY_ZTPxYWjx9OodJdx18g_dSrxnEZ3CdYu0714wxgm7tmUR-FA,74
대안의 창조자,우주가장,3hmyRFd9wCVtF-40pKNy-VAP_NnR35mu1BBlbRilXIS2Eq36Fl63sZw5r8kkADUFUbXo_nS0fvvFWA,520
Гори ярче звёзд,999,L_qFKE7FGER2F7TB46-_YjyNpS16-Hvi0Ql9bPVDUWxe6eSac25tm2gbZ8e3PiIMoQIVLsBVycNsgg,614
Soüdja,RU1,tQwLeirVkG-q3vRgfRq7NavCdPGqIR8wEtEYOZT23h2NauhKg83jFJB2Rq5-j9WSJf-9o5DEvRyLbQ,689
Argon,solo,woosdfHH4BY372t4oVX8QX5l3gomPMZ1OZ7-FFIPe4AAtJxpDxMp8CArv2l5NS6n6_cLVMOxbp0gbg,295
Glоw,RU1,qxRlMBmclR9zYOwdp6HUqgnryfFxJtr6uNCOhuAAu7v9Pzlq7fRE2QHuMQPMz87ONLgucku6c2H0Mg,233
SeikatsuGeijutsu,1792V,kWDQmqMP-iZSeF1zuzpOcLyXR5t57r3poBWMeIH9L6nuCqPs5J3ifM9eEc9mfpLB0pb7LTkK4tivnA,1065
Свинка Бисмиллях,чурк,f-I0-zofcPlPBr1FWzG0jAImMTLa1MvEGUsckFhJbu5l9MdZhsd3ywQYuLvn6EC_9dQLDX9UT2WntA,50
пoxyи на бабки,какже,jLc7aZ172Br0uI9K06Y6l-jbq5ONpO5efacTwhWCJj9GzD49Qmcn-LzHPkWyugfVgWUZDrm_tOOcXA,145
SSiless,5344,mnyqeQGVzy_fn5NbNfbf75aPItARpp5NYcnVLA6QRECMGUJn5NpSMlaBdb-PtqPWVkMuHHDrTAfwtQ,541
Xayah,2727,A-ad26wtlPlnyPX8aIu2wybstO1XGWamotBCpRffrHD8GIaUkv9hsCs0GgJE9dOiahBYkDLsST_PjQ,672
outroamed,bard,IkV7Qqt1cTEcjvXVglSWn1hrPpo4uEip92b7axRF3Wf5XjrYY9K7B5S2_kN-UldqgHpPBWTwp2mQag,82
Я и моя shiza,RU12,cHIURX423oFsJ0Vwc4Mxwk_kdek97teEEUYdToMvrUWYtpxUUX3BWnPWLdt2xe-XYA4cW9hUd1VnXw,98
ZdarovaRoflan,RU1,WbXB7ukW_KzQFFhWynEH1rLPAhjCcJxdVz8OrW0GJdvV3k1vYwZcJDM0TNWjqaLZ-s3TqP26M80J2A,284
Diglipuf,RU1,HkWVanv3g828SsfGztARQoCAEN5ZkdMt3v6jzJS5L7_noDEYiFdQv1aoS98qBDrduMc2TrQgX6egWA,1470
KALOEDGOVNOJUI,MOCHA,MCtin8ANLqCCIzrzpSpfoQ-vEmQmjkUrIWNZgEku7ZoG2tKuaZ4VASv4WMwN4RormsJw8ZxUEteckg,169
OvitaminO,RU1,tqsRXAE4wpV1pMepbqpteahbZuKzgOjlUOdlmcpH_1sMID5r-EX9tZ5TuuDKliMDnKmnxXqm0CKZsw,685
Skovy,RU1,no5cpn7RFXgSgiNm4cz0BK9eLCd5-f5xwnm9glKcPrIYQz-2oPQI5AwcVf2X_uIjRGhXhfNXbK1t2g,727
Friedrich,ru2,zP20ZY5zep43OJkAT16J5HDkxQZWkNOkcol1uYD861qzFM3vJLyiUijbP0kqQxc6danh6jg-LplLsw,678
Elizaveta Mets,Danya,4cTHKr73M86pryL8dwcs0ikTgk3wjFHIJ6AIUWzsLx3zV6TsJRbf9blDIOiLrlPNXV9PMifZP4pNQA,294
sudzume,chan,NebxSRO41ccwLNveiR3T_dIFOER8XCY1ZVOFZMTvAQJyaEjIbRiACwMbr5kVJ_EVYf5OwkBhj_KwKQ,42
божья кара,сзади,0C8Ee7_YkJ7LPVmOSN-5NLGDq8WmUdP3ZkfnJC1B9dEsWZc5rNIlNYDuApnn6_YV-LYuVkqk3iWWuw,1135
Draconis,RU1,zehoO-awO3ceM9v8NQz6vRDFiD-vbRW_oJfwleWfma-99p9w15II_x4IEc7qsQZ8BVPK89NT88IPlw,786
Fukurou,sun,VGUvdV6hqMqVjUPr9D-1Syw_QtGWgypKmHlmUNX_cCiCtftvxW0w-jgtz0hsiYLmIBKIhrh2xdaNYQ,1569
femboy dominance,kr24,Px0A3b4Hvb_ieV90opY94iYwoyT6hLhDsEf_anr7RUKeWLfA0WZ87S7bDAK3TMc-jFOITNkI39ivcA,707
monyak,bless,KAYmgBIwo3x_E-7EivojFgM48_c-XuVrnzFY8YEpTr7GPkxwalMAch0ZypeG5njzVgSepO3EZpvy6g,1180
HEHEHEHEHEHEHEXD,777,NCHhEJ19nINOZoOTWKQZTd_74oU3VboN0u3Lqcxj8Q3Ff-GeAlLAstxf_ey4YpVZZHBRtTFCQgHuNg,892
Dante,Igor,pzdEa-2zGTVfa5GUQ0yuxLtpog4xHuSNxTe_Xq_7exYFP72TG2WFWNwQJEt4TrVDZtthDsEindjUnw,710
party pooper,spark,Z_WcJIObWt8lEqHVyCePi0e-0DZ5zyBTQSbFpNI-MR-IaOzsK_FjT0iwzbnSJwFwyWGO97AvDXhlxA,485
tangerine lover,rawr,TwPSR2vOKsQUuH6xZ2c7L1H2CghUURBVkjJ2WC-qsNUNK616Bok5G20ecI96BHiFwxtutfyq7Y74Lw,49
Spec123,RU1,nnmLPSnkbcKwayqJq4ppL6CfZ_tD2KGDaamU0K3xNeOvrgybh3BN9UviwQ8Vh40jDESGSMYGOiL0lg,538
UwUkai,228,lwzFZawZp4cC0gnPWxxnHajSlhokFL8s-VlAliVo2joVoAPZ1AX4IxPxJBbBBUMWogUPD61wL0E1Hw,145
FishBLR,MVP,sPMQWeVDxlwmlwp0OIYHE1xIMNgAL5foEupZZ559iBkayscGIuXjBeL2hIpzqIWLzMtsmlLKrynIMg,593
tired of life,1337,jbTftnl5AFXFioBFjnx3xwuknpyGpLvya1O68iWbeuFXUclotCOzLtyLUPv-1UTcGl_Ke3fx4PqVxw,51
Curse of Moon,loveu,l8ORKqqnAUzWgpFuqI2Z5hTnYxPliJDdcPZPiQ1Vy_aurLuRvP2aedzIY3D-gvLkevBf1ONlQ0dO7A,1306
Savage Zaci Chan,JDiff,wTWcrRZGdEdS8528UeOkC8zs1-mHWn_hSGs_CjrvV01HdpApv348zJVgRf738rKTfuU9yQptLfZpsw,593
RoflanGachiBass,RU1,Y1lIkVXBpLAlib4sJAH_ToXGmmdLDZuFOcen7iwzKMm1ITdhUzIn9FCwmMIJ1qnoa347N-HcdkY6ag,267
L8 Ферзь,369,f_undY4NOAz03gIxEYovkWI4UySWaA7QbNaqj19uJs3nk0BYwtXBtGf_xs7gkoyiE39IQ-SFDgvA0Q,776
Lucker in game,Luck,SX-HKgVl9xXSG5cCMM-zAXDTGAT0dkLQWxP6qk2paQqIIlfJh5f6DMzDG-0Easdh2DDec3cXfamEUg,114
X9 Ðêbrøñêê LP,SoloQ,Fr-XZCuelCR3LVNh-0CMTctJuNkI8ALePsnuy6rGh2bTmni7q303feWiv0n2wAIcrpCkrq4TJMUmqA,218
egirl supp uwu,lfboy,x7UWO25hfWhpha0ZVI46_aC73M1joiKSEL4SOTFJKtnXd55A7Y8nPyqg-7uQqeRrGzREg6xBhRjSTg,54
XVIII,CLOWN,UdBBUePa9kA8SZfCqhvMUXG2-L4zH0qlGDX9PeMWjL9krS3A-sC2iJ1Ruw5MKUxo4diiRnyuxjq2-A,668
Toxic,Hоrny,3KlfRwpYyAv9nMYiZQ9oIVsTS0iC21qlHc_rk2UB5GyGO-HtEKKZY0Bk03cndwlQ2hnGJfkwcyfpLQ,634
PONPONPONPON,SOSAL,Hrg48FGBebe0edFbjtLnNDXmls8ylJk05rerc2zt13gw82_wtmBTFgVpvRFtmVGXLaQJ48WUh2TAJA,86
TwiLiteSparkl,RU1,f31bRWUah6zjvfDYCT1EWcNvmNKvSQ-pYq124xvh0cnHfPkvYZY0B-h6dGGrN5BeVbdf5YhjOSPzoA,595
AFINA,SOUL,CTHPlWJZZ7-AuAyEWHdU7lYqU6HxjFlkV0BZelW1jOrs_6p5ETfTFoVpxUxRZb4zcHdNvECLS8cGjg,1264
чуррос83,htrjl,4Yz_J8l5f0RMR-mndAVfwGtVhK2daTq7YFlgIHJvwdFu8iXFK-Rf8iDfLVGxp3LlrwvpnpHMmEtSzA,57
Marikl,SICK,KgwtP5G8oqV5vcWudkNToK1acdLZbVCSAh_9x2DVdahb-y9XWmgUAy_NvoLGwv79dTYA6cA2XlCsXA,406
ЗАГРУЗКА,1356,1C0GBdWM4VtFQwPpv7OVn-DBy-3lcSKB8CCgbZQ0ois03-L0W4FUxQxBEOjURxTJAt0uTjmmfHZKKA,1279
Kreys,RU1,j80ElvURw71QdmDuBgcW13oIKFfi-o1oA1Fna21sz62b-bAfnNcd7PNw_6qUUTedfbnfNXqMZLRCMw,422
bird supremacy,RU1,bA9lT1v_IThtJAil1lMCF60cvfGMU7Z5IjtykQrJTlzioFbj6vK5nCXBbVCxSdpJVNJWAmZqG4XtcA,620
flash parry,RU1,kClSIphk3PvVKQFZ0sUGomEc4hNLh0caU_iGrTQ-DImDjOo2jOKvwXfvkXC3AqvDg_UxkI_UrziM9w,469
Weakside Refugee,EUW69,iswUsFAsz0s9znK7cv34Iv2gBMHf9FnLsgQLbZypMnPSwqfUtacPlAcPKxtyJ3DuiRjN8ISUBSdgyg,45
Bangert,RU2,nGU8RACvP-nfxWabQHg3531oNvQJI0XmtRgK3jHqGiJPbA_bs2ZKLmkOUPdzyjljP9OXC3kvq0Dp7w,85
mondrosé,mur,DbqLmf0Mxz8bzDPgpDhu4M1m0KhQOZtmk8ESrZkbEJn1YsMfSGwU_6mnyLfX7MTqWYIcyB2WHZ1LjA,363
Holy Blade,RU1,PHr-9RUFY0VzU3QtLQOenx9n090UWUc2PH_nLBwYyRe-2UMECdOg4mUrdhnZxPFNMah7Gu0PGR-yFw,569
Фатальная Ошибка,19941,cWy3FkkFNNgwVu65LWYJzw9unaWDrIPdeilvpoxtb__8eVgXoSivuhKl2B4mh47o-vJj9RaDcx2BEw,481
forgetful,RU1,PoJev8RQiIQKZrHowChXwCnHwY0gQQhwbDjnGSrAJWM1n-8RLHcr9oN3scQawBHABKCShG1ZBv8FTQ,359
Warf Divine,RU1,cHsQLtXjT4NT9QJW99EDRbZRb-amtEzekbMpHvCYxZCBlpDAcIv50UvhHsUHUdrPnpfSwB9dHDlmMA,464
DontPlayPlease,noone,y_BnAazOnanK5EQ1mSDxTRlSRUFjEXd5fmhgFsuRBiicOZJjyciY3sq0By6FJCHuRZfS963o-23OYg,128
она выбрала его,dura,gWD2VRMZbh8TgZKHRUaMmam0N8ZFb77ClU7z3arDyexiybjfbX1Dx8oJ2jELA9nl6Q7-9OlBhcScYQ,103
leetae,letae,inIcICPOMnCkssyC7REkGjWqYtmahCtiX0Y0Gp0vspAHIUoRP2diI_Ss8NgbFlksQmWpqq9OTuONvQ,810
Опытный абузер,лолей,4tJx91o47qURarMWJW5s0zbRAk5uriuK-pIlz1mUR-SEazFi9CIrAPjPjZ_0Rsnqe9-pAwqWZChwnw,54
Nuclear winter,xxx,QJFDbqjjOhZH0FuhrRSGnQe30JEB5W2P2vZrNGfDh5aBfNi88PoWAH9jbhYlaopYzvgVXZ_XFTMFGg,407
Папочка смолдера,Осёл,G55Upk7nY21zCgveasy2Kd3Ob9M78B8lbBEGxXVTzK2HtjMTn9h2rDsXc8jEPcy0m_n3xZ4gZIQwdA,1241
Hoodlex,lizal,p07pS6m4Scm7JWB3_JL2CEwiYtLdt6V3tSTGnAoZdFz9o7UsCSxQLC5MQ6c5b3OCtnMWDMBJP5BbpA,821
Vladimir Dorana,RU1,QyeNs1sXb5__AhoNmKYO5gJfvDNKRfjPAxD3j9BuRaxRnpkn1luhaq_eBPuPZM6ztnl14-9_RBecUA,263
小语爱豆,5367,P3A8AXipeGg4-HWEq1OQMvVqqjCID1ZRXsqy21s5-SMJheIwiyS_dyW8q1yVltq4SQ-OfZIajnEadA,93
Slim Shаdy,Real,95quJ_gpph2diAmH44w3mdjEHnlvO4n4-J50evgMN_ztvOjg91SE47qAhZod0ZLhhgWGZfSKkuphGA,109
forgiveness,nope,i4YRay3KIONKBhnclkpy6KKHNXT6wDbnso07pPQn7Rmbld6A5HMewig2I79sIKfH7pvShv8dDNKHgA,253
Dragglur,1345,30pfPm5xaouNpMemrHMWuUvnLS0eUcGbtp6Ru7Lq0o8FLoqXLxQaace7Vqp72c60jO1jAE6K3lA8uw,537
NooBaS6666,RU1,3jZAO2qEu7E4fTDL8nMOYj9_2OwCpjBFF06bnDNzm5Go5hpWZBVvRBuURveWWKFO3bIWKB8HPBg5rg,439
Mara,CZtop,jBySoB9SX3mNTxONfIybaekjgbaeThkUWP61rEXI29bYQMvzHI_iBTFMKlOXB2czumVxQXPpcynGdw,66
im number 1,RU1,Q1fZ8Oy8h0JYKU-dTtKFi48_7Co_YvHByt1gT378RhPtPOje8FDoDKh_hHsHBAbHTEIEMtKmrKq_yg,339
ellkii世界一,ilpsm,zgfTAKbzE1k7U5r8QGGhPL5j3U0JtxRXWB-Lo7I9OrVr8Nzsn6En4I-g7hw6MK95Ka_b_KrGfw0EzQ,602
Kashtanova,K6Y9S,ggeTCwDfFMYYo0WQdJIROj7zzbX4lvkG8TvKEo4i2jZWUzUfMppqSe710fIldDgQ_35fURzNTtS74w,654
Ягами Лaйт,RU1,GmW2IZNugRD6BPrTEXm526-mLGJcJTvubajoqIEV9hHyNKZ7-9HQXIN8lWYX5xMPJK1vvF38XNDyrA,358
Таймстоп арбузеp,glide,l0cpPrRAsj89oOvwXQgu6Eqd5Rk55Frxa6TdwdiaqQzwOLZnYHxekUepe_WxX4RbqFxAeKEf6yt_6w,79
когусик соло,соло,oQPud9vLDUxLT7Jcaj9LYSLZSwadKNPd0rs41hcmGJnQB7JAZXj6ryoA9wqfhckVo5kvGW86Viic-A,120
mentally ill,cuts,5q2EQwI8apNq3yPNHco5AuiwW4oIuxDs6vnNtfElO0YDXwGpmKm715eDJYPbUJol4F3Haf56ULe1hA,68
metastases,0001,2B--I-XebrlE1-OmVod95sUwAQ3_sBlVu3aFvNXFxgDEUKtIDCb0EfDDR4klaGPbOj10vraz2FCVzQ,798
NotForecs1,RU1,wx7N4AqAow-TAB6Q507nCsd3vyQltymf3-VhGqxuEq2gIbKz1PlCkCabevU7hGO7Ogh47AdwBzqWCw,146
Global,8000,Vgbzhoc7rmiBCu8VWgnqYKFkpAMD2Nrfi9pDBxLYVkYg0y55WA_e-zX3Fm_zlD7FZ79Vsz535N27bg,427
catharsis,4443,jJe7nZ6NHH71jvmBS_cQKRQLLXdadU2x4TvlNGzJ2ksDkvt2zX3VijKHWJ_-zs-4YnJ_Uf_ddfpa9w,705
noface,xxx,TI3Z654Oe37pqKW_mBqVO2KMax-36dyCawwXCkWRX-a3f7jNBEh49idXIBaI2wWDMEf11lZZatXSGA,214
Satemi,San,sJPeRq1G9Kv56gzp6Q9zl4coRREYM1vP2FHBVvYg9X501Dw7Duc0hM0oy_24QAFRWlXaNWDw7ySd1A,764
like ur arms,6969,P7sEjS4tDV8B9ZfdsWKRxWwdj6eSTjuL3GoAoYifrYaDOBON_BwoH0XxSJZdiksgB3RszQAwdZ-jsA,572
Siúil a Rúin,RU1,SPpOXNPgS_poqtij9VnMkGKWyDbzQ7B1EIT1qBxf06SYFQji-8Qq3xsK0Fcj6lQd1MvwmxucJLcn9A,495
Очкообраз,SRP,ISdxIIkrsmMHC4WfnNy1eTxdTxdybMttbeEOLlXPRF5wHWReo-Tt0wAnrtUfBpcER5m0OdL7etApTg,437
Old Alpaca,RU1,SR1joSVSWIdfKqRjwgSirgNJnN6GysoiuoB1MDpPn5V2wpHuxrn9jf62YY05aleJHDwVoZUcIStxZQ,608
NordZool,111,oCqz-wshzkBblXz35fGf0612i5YCMGZuKK7x16NgY2D1-Qygvjpcj7j1I86JbAfOaC7xUVqAd9HJfQ,161
Influence,ffpls,1MWd66kInS39ws25SQI1MQiL0DUxPlnpxAMnt11SjGvymllrjsxFjuuQsTW1aBDfUj3t1EOyfRd9dw,168
k十十十y十十十s,242,4KLw9KCPZQQiQgaGe1P5DzjTBD-VFkccsbZmAVtVE0igjeMGg7i83_zTMYJyJlS5i8Is5o0udIDSgw,49
dgoni,6842,xYzGnqaUvXVoUOgVvBh0QV3qXKGS6QOIXrNRV6tW1fKeARCXO9vUxPfWYbxaTzoz3dnrRMPNlQHwnw,73
ОЛЕЖА ЗЕФИРКА,UWU,pgQe8rGCXpUx0k8toURhi5UVyVzCudDtxYo78Uygh8rNBoQMGZYpN5kAfaYAIjk-v_9631vUwEzfWQ,113
LoIi In My Heart,000,LGIoqRoaUhlzayOPplYqEyZ-RjD0TSdFga6T1dJlVDweJy98ZDXeQ5kNq5pGVpwQHop68TnBdou9Fg,387
kyousuke lover,9892,u6TpC5NV3VTCdG1g-o2JXT8pbxJWGCCN7WAehwIfZFlWanSHvL1vmZ7DK4Y1NkKKkbGzRW-4LhCjhg,336
ASH Enrages,Ghost,3y2ei_xLR-Ir4Mt1ZIl7XUi725IwyxsUkfKE2b4W7QdwG8dGYdRXwOAA6gw_swAPDXJ2FH5Z6oPzTw,247
Right Twins Star,RU1,JzHqmTI8UZdF138mQ73pwZ0dqSKmuQKxzIZZAFlwFVFJ5kSxUr29OW6LKt5RW71ic6RrLwsWkTXNFw,546
Святой LoveМилф,kz1,9oq0TDyfFn5r03Y_49U36cDfUjSzv2hK5w6N7M15wiWNykdzDiFsK7m2FMz9DrpukYGNl541jD65Qw,267
Sunrise,Tokyo,6Jt69hbatupKsE9Sifg_wg6F7QapIf1KP3uFCINoQMeTHAv9kGrj5_8MHJAQ_usuiMy1qd2m5u58UQ,98
kappaChungusSW4G,OPPS,gjTMSVJT-mD0NhQnQRG4q1A67cwX-4Fu2mExwjHpfSsAbS-uQmi009o5HPyYAZKptniDThBUH6WIKg,534
Lán Zhàn,爱兔子,hLleRK7hD2REZuPOE7aek9v_oqYm5mQD6qmEH2zfOVeGox7qtGBJ0N_j7R1MfPwhl2IL-C_locT3RQ,463
stepan,022,wLPHF7M7lcSTS3OKeSGi477TB2V9jqsVEEubtk7BThvkhv4y5MvAo7nJJ885RJw3WCyDGkWsz4hXJw,671
Depressed Barbie,UwU,N6moduAsOljuTWbnOgAGg5G_xk4CB--8mFFIfepq3MZSp8jTLEQtIQktRZaAHq_RqS-HxGWgOIE2ig,322
Shaco Fresco,RU1,6pJd8Rq1QXnYL3iQa_TZHuXoBzDIWu0X7gxC3uKHM4YJtDAMAp5pw38QDMw1LL-R6ZwKjeb_vH1Fng,597
نوكيا الرسائل ال,3310,PbrrVM4C5LpAdzD-_dEp38TiT4nWPKp5C8QkAKcHrmqxxoIIsutF8CanJH0sSjgsuH_BgnWRwvR_Zw,770
Lícóriś,5380,rwM3dSry5Ievc4huD_9WOYVg5KqmBpNmkFHjP_y1KaNkep5OD4_IjMIinQGP54Uw__AvTXp_jiWhOg,724
klonlolo,RU1,YdS350kHzgSuNgdbAPC8NR3bwe9mA9C7KIyMG4A_2sgoNrFrpmZmgnZapdh2CgGmfQ4562uBjetrww,504
legendazadrotov,RU1,kVxhWJsxHl2rn12WtTvRnPhgZs0OkATSCvrJQ-vJ3Ojp8YmcoKvwJx-69-aVQiVUDJkWVYesn73yXg,620
ErrorAdcNotFound,RU1,k7iGr_NrpzcR4sKqmmZ-CiYVTkqcKIqKIjxqxVi_ReSULxr2tKH490bRT9rNAd1I3CHtbniqo3pHVw,1150
кисаmurmur,RU1,JeRWxMSO5ViR4X-mnQx9cC2iV_9cc4XQN6F7n17GIFUiWxqBZxBMRXHZAzi_J17Puwh34sLZL_N4NQ,59
Пажилой Жмыхычь,RU1,DuKhTMrWfkmOShd5dutcgzpmH9Buf43_ijzRUrbMCyWxxLSq6EPl0ZXPOZ3yJsrIWYnCxHHAC2RRcg,68
dibtem,RU1,l44-YZNUOFMXAAImRDm_u4wxXmimpZ1uc9XLIYKmjtY8chj6sStLMh_yLN_uPtYxuLBmSQ0vjQdYGg,554
bląmed ångel,ίhy,JNC9hJEcGvOZrJs5wm8xTQwPuAwwNzeY6oHmGeG3tujyT9H96uo7BoIq3F_MgvHpKWrlOh_qi3_OPg,608
Плита,7933,t59pEFZGZD5SiDTna8A3eVYmbsFLs7EgweGAWmH80ufOeI40FTvN4LcK4c1JmpqlOd2N3qcrKJwaow,711
Phantasm,TWTV,I15xIpQAI4S68b3Wra4kMdwIYOxnLSh8EwYILgf88VgG8U_3tf2li3CceFzdHSfenr_jD-w1NbC89g,546
AMG Petronas F1,63Ra,OerzcS1Hq1IPmnlu9TTP4ccd5quaodh3fiQldXl7V_rq9gnU-MDWTvzqObkfm5Z6jyUj_UM4BznB-w,43
g 43 a F a 3 JH,YEP,peDBapkdq1qBSTCnyGX0f4iPYwBUwasqXV0zXWhYrtaj40T5veBEF6Lqm17Nv4wHTFyUuHfldPS8MA,131
사랑 은 금지 되어 있다,adgap,gWLdN84vinrIEtJk8gOg14KMAkodSozSM4ZK7RbZmcyvjJbhjhDylVC9QcQQf1Dzb7DtjQpunQ_VtA,408
Tenkali,RU1,4bWpRPdZHZm7mzOIeIA4XWMOmJZnUbS7buv_mempu1F3aspSMreeDnOD_FZgh8YaIL0V9DFi2Bu0Ug,377
ºNéxT FøR My ÀxE,RU1,kP2ORRXnvNDbygzj7ZQ11AQNwI9g6fosElAdlmiJNduIB_IIysqZMuwHzmn32lFuJKuVKXw67ucKow,930
БОМБОПЛАААААААНК,RICH,FlKPYpzmlcV5ri_TIWUdboPB-Whk9ZdtadxYSsUMcdeIeZsJ46mhhVg-YeaHuzISLBOKzlb1VVjEWQ,1076
LordSuteo,хрыч,9iHkSLsNgqAexgzeU5nkcAtC_CC3KjkxDoeIS5nSdLv6Bruk7meoS6YVQfJckW0aKp3Xmtce7rngQw,829
dear2pac,rain,P7XzEZ42sfXnzY-gBLl4VyDTe8nkQfuCo5IR9N-bZwkEWmHqeq5i7ROFyFTjltWvEYgFCyHhcxWWug,541
Мухa,穆哈肯嫩,-teiIfnlLHTuK8Ebp0r4vYLbQXURjJhX404CQ-uWmRQPcokh_KZUflVI5cPm3-DZddRJRKGuXNOBdw,834
уважаемый,мид,F2vD-Jb1oGe0x0AdA7oWbNE-DEYLpwXmaiPg6qTntv6oi7VmRbnUEmIzbpZdHx1z2bcY3sNgn1uERQ,180
KITSUNE,may,SFhE9M_zT23s4N-NoU-uhd4yf5PsLbmSxg0rmDbK5nOGcTCLSBYP6oenT-NzgRe6E8kjXrADqRK9ew,342
глеб лес керриии,LTAKE,UoDpDWfo9V25WjB58gapFnewM0Z-jf26P62SgiT4hX68q6zfR3-lQpdrSoBLa3xGmPnyjjtaUZnaLA,170
ПапаДен,GRULY,uDTVV5tunNwjJGZu8YImnMheh9Aq6nseAgY_ezO8QShlYeyi0LlZYxY_JxBks_QzQ4hVobr4Zz1LJw,671
赖小七,521,W6PJCaJoAlEgzRAn7XEndXbKkD8Cnap6HDwNpRzLBHNL9ivD6mxXBKRxhSm50LjXEeESNC6m4eFdJA,1155
Chako my life,Shako,1yLXv6Lucd8gGUFovZwu2uZCXzqs2_k9Ru7rdVzZ3EVJ95dp1saMWYlCur-878CwiJMnHigHYz-GDA,1263
Vultazar05,8407,nzEyzN-vbtcg7RFbzW0f-E56_kQ1fFJD2TPjI1Ufc5qunt8IlwPgQTiGBZolzwFRVuixXol3wCz_jA,75
ok nerf qiyana,333,YPNuwKC1n_yaCIbMwI-QV8VI091B768oYxiz_sPvaxHy32jmx0fXdJ0Nq1XxkwlbyN7C_LkHE8w6FQ,77
mosyazavr,Ррррр,_ECZ46eiVvCJPqzM42Zdz_upPwQKIjAlApyh-3dZOZthitZyNmQ8f1sLSaj6olNsXRvUYtd-XUplOg,790
сомфи,RU1,Ui3IhCXOkCJVzbBlkmcVSWldp472B7ARro66_3nstZvxSDiPC4tw3SOtBS84p2exsGgzGdm6J_QT2w,563
Schröd1nger,5002,gk8a-KmBVdmAM-syEs149L0SPJmDOAr1Ey6SHF6upDLbXrbJbBtr0pxVLQ-Uk1GKHDSeA9jAcmJUmQ,121
Crimson Abyss,148,VjhO6Yfjc64QY2lI_E3iSAwT6GiXcbd8iUwrNWpjoWI9UvfP69t5eTdIrhCbT96V9nSEH-0YGVKdfw,600
Хъючь,wsup,LKF6Fi53MXM01j0rRMM6oTWwZoNkdeWwV1lcxMhnHh7N-Bg_3z7VTalh7ypk0VjWoCg7EsjAiSmcWQ,1128
Cogito,virus,LqkRYw2qKwouUJ46QI1H2zjjbmiGcMDUIruS06j9w2tJIuneYxY5oGeyeJykMMwraIdR39XidobRpw,49
ТвоёСпасение,rus,TV5wFmGT6FCvOfWmQJhmHqgxYKmrQpPv5PEVFBwyJ3alfRN7oI-DCDBWWo1YR3XVrPktnlSK5ZyZfA,120
Fox,Admin,998mXnTFGxe_f4R-owmIpDXc-7AN3tS214s2Zwx6HokNJvFT4Om4mVFysTSAH-diEHhR1aLhnJfAeQ,498
kense,шавел,Tqi8Hg-D1Gh4VpRPWAJwMS4t6C5WdeRH2WTgHwlwgqWW6maClAYGYywfrqVIddAA6Ows85HQyu3gjA,824
КРИСТИНА ЯЙЦЕЛОМ,DETEY,tVJ8pXNyol3uQadSUQLMBPCQfZPmAyMUMwkCCqhbBlqiTWjU1bEQOZpTXS9BCmrk4E4T9gms9wAdcA,909
Дон Шрейдер,GRB,06JWNiyvEGcwfZbh8HSCzbQWDhBQw6m-hbdF4OcG4CWLsCul14GwU0xpwu6I34suZWwa2r8kJbp84w,1120
Positive Player,RU1,rpMljUWBSUDhANK_72gF2PPFmZMD04GxNbSZjjI4-57WN6uQcdJW2RjMnUxo0geNaiuvmnu--Hc0iA,430
Hananeru,IVV,L_s7tBnuqcBX-trYwAtxREWrwL9Ra9dapiETShpkU_27PBKCSR4MgD0Aj6-UU3kBL_041VDXFwghBA,964
undeadangelkk,okk,vwBHgnep2p4lb7ZHGAYWOspvTQP2bRcPGKCssZzWrOiP_A67OYrvDRsC9EGfgeAgN5KmDsgJhKV_tQ,911
поз 2 демон,L9KID,XnYqSPaBhtu-saLLkbJJGgEuTD1O0tJT0HvDMUu5s6A4mfgusccdEXbPp_XPsHIaRrlyX1N5LAifZg,1168
IDØŃTWÅNNABÊWÌTH,YØÙ,J8pcImuTbY4m5H5XV5UM2tut9kENptIMYyVrU_WjBtdxn2I9jl8Sg1zRLMzLZmn9EW83Q8pJ2gEjCA,95
waste of love,111,IN94B93tGAUUX8rezyXDbQMQwPGY9ylU1yWLYofVgD4Ow-wji8XfykStQeTrgljDSgrElOzK96BoCg,41
6635,00000,HUc4MwTPGTCpWxxdlfJY8Ms-vcohsb7D1axHOgUdUIzsF2oeDdyvpXVDBXajENh-khIuipkp4Fz2bg,1083
Ashaf,アシャフ,1TNHm8UW60Gkdq2c32oa6NgKTHtY-cb4uwbv3kr8jlUfE1faLWDL293KIxCsODvdMZptVhObcnlpUw,700
нулевой НДС,6976,33DTSxrbPLeMCkSyZZ2wcnKVGum69Bc6b9uuoBKQLZQDqJ-HQKeQPuyV7REJrdjfRI0Of2zutT0Jew,213
хватит ругаться,DRAIN,q8efacgLSwF7_E6FjbhhJRaWLQAugvNdREACMa5Vo6sWkvKkE8lB1hqSE1B9nNVqtal2FbbmIKLioA,633
свага имеeца,space,V7IY7Kp9KZWhsdbJALyMr8fY07f4dUEoUwo-FYv0PnvD7Yhyuw6v2ALIZJXYb8D-k8S3N3ssKOIGwg,52
ヨルハ二号B型,yse,P2kTmbFKcPpf0KAyzAhwl4aB62mod79Z2JqjKx7zaj9Whn7oQIZsPF3iamvjvNzARjIJMra3LCMPMA,542
выebal кaстрюлю,сигма,EUrma1ASK1antJm829rbB1EeD6bcnSY89vf0JW6C9rSxOtxW7GNkXicnUBstv5H5TFhlY_gssIAtbQ,696
Razzagale,RU1,ABJMEgwjNucTAIR6Dkb12Mt9YwFTsnHJCuforvWcnH8IKheGHfq2o44IGzdCenqYAcxPClzeEnFQpA,517
corpse collector,ghoul,fLXUQ_h7z-ycSwCYEjFGvAA76NgBvUmZcHNiSRu3YIP2gB304Mnk0mPWASV4loOw76CWf-eX55j3QQ,55
ａｘｅｓｔａｓｙ,صندوق,n5zSun-fFc3TUjualkWKOJx2gpbKlgRBrupjxxNytBGJXu1X8pA3BwDpk9M6jjvYw6uesdxgJE_FtA,1673
Sloty,sad,Secop0UxSC4Vdz-NS3boZHS3NXaeyXn5Bf_R6hW5cz7Eb6y01ReaWmUY-7vvg4_n6MTVyF2iaSuMcQ,315
sleep experiment,kgb,LTeVlmP6mPzeR4r6FPI0FkZ-5jEmFCruX1bXCoeSJZNMeBrtD8jtCujqSboFS9H7TpI1vwMVvjvEnQ,45
Elyzia,RU1,XlV7InOA5WtxERRYUhT99joh3f_OJ6yF6sHJBl5z98lWzggIkjN1jZyD7yyPCGT3ef3Ni1X03Piryg,774
Alaska,RU1,Qcw1Ptee43w4EJAkws8I4rLSJYntlDAREtwMCukC-leb9KPZ2wyE5llUCWoY-Ht6i3wzvK6cZzPBZQ,714
Cr1nge P1GForm,PIG,YhljuXxzCQmNChc5QH9mzz7Ef1T1TohgauqD9r2tziGD0Bs2VfQAdlhqGSsKdvXolmiWVjB6j7wMdQ,764
xxDarkNet,RU1,oFXtfeYJMPchK5J0YsCtPygVb1YIm3KYXrh7UQTWikvya5gGL_0jM1QE9lhuttxtyaT6Bs8vv_iCAw,44
Граймлегенда,срал,e6osaEAMvIhwd5ER_7ElGLrXGyzaR8F3w_84QdcSMUitwG8IjcjpBnaxZNoOe8hwTBwPL6ghK9LXHg,402
facElEss,EnvY,jjSbIzBPaEaj53WmTZVh60Unu7kBgbVIGdB6wv64vInk3tMxYf1fA5odElL-d-OknBI76Au2X9xBVQ,492
Meow4Me,ZeD,sG3xrcZ4Oo7oSIwidPaZLFvoq_weDj7AYloXOVC_iCzcvZxAorx0pFqOI8-iAvgRUvtkCH7cvy-vaA,678
Ice Prince,Icee,PvwPJYdHsckYW62NNAb89-AF9AXqgUZlhBPQOFvtVOWz2JZLaAaAa8tiOCNhqWUKWgBMzGXBfhcWtw,915
VoinG,RU1,G9ceCJz4OOxpyW1lj-lMvOQxN07IBsBGZLvn9cpqy9KDlO4euDEoWXEDgwgLSNMiwKGFIEGLY7RvLg,340
neverdepagain,777,8fVGM5yCIVCu7S5aZDp8ZHvFXrMZ8uInsIexxTpIm1Tr0TdNzokvhJe-IyECXlYCgAhJmsVaCPn0sQ,100
ТИМОХА БЕНЗОПИЛА,OWO,TEDpVLcIfsIyzN8ywaMCZtGr-o5z-bBc7cQ4dOL0kjkf6UbVUREx3Ugsito9r3m2fvPKpUzNsw5aQg,346
тэймуджин,RU1,JA0ipjTpsoswztRHsyQryCzZr9J6L35tbugbwu9Gbpu1UZxY5lOM9FIfDwSQDtZwFPyikxGDpDac1g,492
OstwinD,RU1,VtWWNZ-xTbnelvbu8ZZFXjlszuFFqO0aOYzFM9CnkSrw57tycLDP3gTLmFY8mowIKkZ-QpU_pJ9XfQ,514
sidestepRight,ADR,MGrXc6ZtKpj-6G_Up_fj1MZw-1vA2ddRcqdCwHJ1-Tq3RJKDQ1rdwNQMtOg5Tl_sn5Ycdd_1lxe9Yg,443
PagChump,RU1,QaC1iXGz6Br2xerEcjPxqfSJTQp9anlVYrNyJlVoDZqOtA98jfghc_-dabRghxiEjg6iu43fW-JRMw,118
борщек,RU1,fSaK3pUGBDZDsmk6Yu9SUVvhKWJx8tUtRzaCx3h8Lt16FPdu3bp-A24jbxxXnwsCsTaCoVAWtr9VjQ,613
Incredible Gassy,FART,DV744_giwPcZ4fh4OIvqfDkpfTbFdB-LMIUBt0rvfUR45eJD3MyLjb7eZXgXT_Fsw7NCeMe1R7lIJg,567
Горецс,RU1,bteYumqdmz1yXQZ4_Yhh7EOPpWch_TUeMHrUP3nXWx9sdqSSOQ3-dCuDdUoU6ayjf8vo7FG4Rkn8vw,245
Catuseless,Cats,fW6DrgEDyeUn4rc0CNm20UYOWEOZ3qZU6UxcNXbTpcX8kfQVM7P0MekZKekwa9Q0UxpkGMO05ErKZg,602
Gnida,00004,Dv-7aY9BRepJXXgRzI6WbyuY8iZC4zv9xRn9Nca739mFN_XCSTPxj1XVrxrk7Exo1lSYqLIz3fBydw,917
Beast,gen,IEnFnnCtAY7o8Hqtyc14ByULVrFvnu17EiJhz2tk-lx4fKQfaCCRAlTxmFoAIYKF6nSXACloiXCQRw,74
Художник Австрии,1939,kWIVldv-T_z0fLnKg1VLGGWH6uN4mz0OMhhwN5R_IsZPvG86QHFKz2NhwFTnSVAwhhyXKoBUr0uyNg,393
Последний герой,faker,_pVW9vWkNfIGQP0vUgTZT522Z4i5hSnkikF7FkgsQkAEpN6HRWIcsmlwayB5FuAIxOzFA9ABuatRww,591
Уздечка деда1488,SWAGA,kdEtpnkxHZNoETnY1kA9pbgKMByRHq_Z98t3c2SlaHE9G9NeF0ieTCkYbemAzax2Yq2lV305u3ZDow,556
noobchiks,RU1,LvZCjCQC0m1Qqr3OJ3Abrk7JQfj5iDhq5qv8v1hLhh_BTRTYgz-A7XVst_5uVX8dGQkdt77NjyR-eg,572
Aqua,TRG,YpJDjkwactJSmO84-Rj3lqlJNr_JxoGv-6wKCfSjwqF7Ian_kTKDjMPVnJsM1jpRKjpQl98GHsD9WA,498
shisuimode,noir0,eHK_BmTHSZ7X3lzcUc341oJ1S_6HG2qPlGwKabBPXI6JNWo-fPOxLyqPbB9kd_falzFaPlVh0ePX4A,62
The Ruined Kaito,Kaito,mYIkF8WhKbBrDkB1s7r4BX5himuNODHbx9ky76o5kR2Bdt-rLp9bANBVTr9OxaoJzvlI_jCp7teK1Q,240
muradikfast,ILEW,927x-TK0SKxKxJ4ihhx0VHcZEVRV3oxz2eGggPrRjn6MGV3tfowi-SKFK6alM9Y8lD5L317V5eTkrQ,476
Euvl,5959,lMKpxhLjkBGw740ZbpeR7yZqQSYmGvlK4Qk3wog-XXnjKsJJKtTUvbeDo0M07HC1MsjoW3JWKIp4BA,540
Xer4tk,Xer4t,XL4B6qwDTbRbvRI4GxxjK6zSKNev_ZO2eQm7li5_SctAK1d1bMhOV_rdR-1mrBfISA6lRDZNUU4Y9Q,824
Pinokew,RU1,QQ1IqLwVmy4--Qa366zg9DCheyW7oEj5K8GgX5MLZo7eoikQEVEA_A_X4_6y3i0LWbvsp6Y8pWBOxw,281
Litya,litya,Fv0SFdu8AbnFlza5pyJF7Xml8S9TGJFpMWVBu-b_pgUktoxL-oUzGhh7y8StPsdmGyMaDHFJD6AJKg,585
Jorji 6,RU1,LAkz6KCN-BhxdB81vwrNhti9aonUcnP2OrP8fgD5KoIyhHvwtRSCBwkAN6_mSOQ8Ari8LqxtNRE8ZA,640
Tomorrows,5455,j_pOqld0CHajFKWobBHsl5YovSAXUdiowJ20x9iCM-EJA7RDQLqJ9YJDfV-mU0z0CCj0wiWF2nA3pQ,765
internet shluxa,RU1,iOZQco0VpcuCQQoUMlOh7RjEPGHHRMVooxMPkqHRsNB3T6y92qdqcAEywONQC_idkoSMWGAYiEIPdA,124
Холодная Окрошка,4444,5VubBGsmfSuuZ5pO3AFbS8LDWeZDYi_Y7qZsDDYpnKTQksQhGeIxknwj_lkMung4Wf2EcVM6tGnjGg,538
РыгальняДьявола,beeee,L83ZBjEwLwzPMyf6pZfMNdpZ3Kay70XYzOIL4KjX10rST6EJvpSW1gHQudJ63V_xAaMutCDCEUBokA,351
我是头猪,DCP,WfrOEKTc7EusC2PAv-KvcYL-4j1I6T6hFtdZoFExVposOlan1ertGPkFM7cO8LYk2fR_-Y4PnuhUYA,47
srvnlni,шавел,PxzBIzYWDYYKVjWCWH9_H1WIaaO6mq0AZUtjF6SVtBGBDCQvG42-PMb515933l8Kul0B6wEBqtdhZw,643
morphine,xdxd,RmBnCPyrrxyckiLJlv-Tq1RYd7b4iNr9IUtaY5EbfUelr8sLixvd_SANhyUYXUs_pRpW4AnaGxoP3A,631
isterika,xru,c-ZykkD0hXQrdjtHSY6wsmNqjlHCwvfpNt6OZZxLuOxIE9P5aJ73V7eMDg7zjazg7Wrqx7x4co7lIQ,422
ЗовиМеняГосподин,RU1,3y47I-zX887yyDgMHSi77Kq59pNnr9ktXBf2p6-oIjJfALKwdVcmNEltwR7jYgBFDOAJkUp90tSlnw,414
Войтов,000,-HGByt4Br9xSMOofqov3KrwdP0ScQT6iczHkAcfst8twNNrcmeHWx-bOKhlGj8y27GRXA298NEm0CQ,73
Дырявый стрелок,8628,4CMaoFsN5UYhnuPEAzhNgGkQL3sLoIRKa4oeYQWQccRufgdN-EAJWIJ-LUEOSFQlnPwQs71abjzNcg,628
Waverly,Sky,V3P2EZ0pYpolhn-KW8NxJlJ9Cd538bRknsvCsmxsApqk2enaBVhO7vJJzXeoqw9GPLpx8WAvAtBdpA,1819
NICKolai,RU1,4Ke4LOiK_cEGzXTxz3F88MeQqlh95eBwxXlHst4UvPcvZPiAd2aejRiyX8fgKxwNWCd0p3QE1TDLOg,278
Lunchoma,2434,XXx4FfvDqFOSEltY0Z0DEH8aoHrtei9Tkx27iHl6RjxM5AHo99bK4SueVrYEogViGBl-nPuUVPM8Gw,415
Sarmenty,Актер,9mymmOaWan7FqO0tAlfKtAoBBmL1H3zfHzzodI9YqfrCMSYczjP1_xq7JGRCi7P3s7vCCS2WDAGyWQ,1004
L W,003,Ww-aqbuvtR4g2qBxi4QkHpV--CPJ8Pub2IxtE2hrhDEP17H1RMh7nzZCpiQpcWv7hTdNkkGkkmHLxg,241
eкатерина чайка,другс,UpzRxheMUv6R1j3hWkJsKE4ghwcm8sMcdIfHZYbm8G3eBf9pKn66XEg9vKiLDKA4Ulsn5vS4hExx_g,681
barbalion2345678,RU1,jcG6dE72U-xrT8WxBlCwzjbsEZyqEmCUtXgVhUA1KNK6Jr3hgSCzceCaBiqqwFvV_F9LVrJdT3vHnQ,98
Oleg Insec,демон,QsvOQtw8Uf_hbc1uIPS5IdseDEWIPjPEqg0yVbcyzGJwJ6eqazn9fyUpnl-T_xSq5qUC3jW9lA7rUw,43
Egoism,love,zirt3J5vY_uyGWtgoXN9LgMqvBO2LqkllT_QxOA4Tz6KBbPxhfLCChSEpHembGLGAveSgSjulTWgwQ,57
Iøveísøvèrrãtèd,łvmé,sqiLJsNR3gGpcd4ZUNRtECHdC0xM08MreFH8-i8buewLRX7o9ADa5kEIia69ELgRseNM0GnK5gR0Rw,90
86 FULLCLEARS,mew,9M8p6XPUHvSMyyNppE_Ere2pwFUQGJIeraMWtFm989vTJjHqokKLREOedngH-Ls46W1bCT88-lBznw,531
Loving Death,blbl,KqYfYLpj5i5NGFV6U4YoJDPS1ao61FAvkIZKb3KAwqmY2ai_p31g7tJLEeK_543hCc2uziEsvByBrA,106
Way of Undead,UDKT,s3tJgg1I4HZuLflIkNqlImc99xi1ZjFBiHKEBOxZBluvIZhfrSpGeAy1tLlkZUWV7hazMm66xUKRFA,192
Akeypes,JinxD,uowmJULz92hYX0oCgbMc6qX7Oudnhf1FUsD5vY_sXpF67ryGOf6g69VrOPo3nw14cKJfCR11QxQCDA,455
Asa,Sense,mNLZH-fO6WdwC17V9sKyxR66KA5aShFh4rxwwgYfnWgPP0xlnX79wpZeIw1H_AH-mcfpbkhfg-pz8w,384
Бидоны Нимиры,BIG,ZHugU4zOilgwORed0q666TGe5mUc5kTs4Nl_OcniKxFNDpnpnx9tPJeBAv9WOTCehGi7OySKZTZ4BQ,137
MazdaSpeed,777,C6iJ9UJfT0oHXU7aqylvB3k8URAuXAqYSviuTIzBndZVwRHfgzL53Y5efKme0ZW0HH990_iM3h1Wtg,202
Hовороссийск,323,vYW6zX4RJZ0VDCUIgQQDS1-aUIM-LwUI3CSzzx33FcUPTF28ENpA02WYxU2QbCT91lxLnRSPWCqZow,154
Haru,RU666,SVQ8QNbF3bwHAlyOX05OhMN4ijMxSNDvboByqVcyAfWhx_YFaXDT-y6Ij87XlUz6i37ixK0Sv48h8A,310
Максюша Маленьки,Vie,Sx_Zs8Ckr-6_R6xjR3Hu2NHrW2h9kAG13-r7_JbLIpuINVW_05MkbveKT9uu5YgkD1z7Z94atcrqgg,616
HornyDaddy32Rus,UwU,I6Uq492tPhgj_2rZeEMDM0oTDGij8rGkPB2gSTxOhxaRY-cFh-Au9IOjtKryLOPhjV0Pp47xj89tQA,400
Sakurajima Mai,OVO,vRf2dGM9XQX80CeEGF8PBljFbvY-EdvlaNPe3R_p_FDbP5Hpwi56cgDvKp9rrwH29H4ipmgU1yZyZA,138
ITZY Aynes,tr1kr,Sdm7G49kXHdEF6DbotO2Nboz9P3avdtKFuzfpuo0CpIk3Fky9cJo-zS_TdgBvn9FAorqUqvmaHfImQ,405
Morarne,RU1,rat2btZlLuuB5SZCL4VFjh4gZbXsF-hSMvkMXyEPS914xatgIEP_ZXFwxtTgTsoPIq2Fhh1l04eWew,790
lorrainetheart,RU1,p5qR1MWkhVBWOv8Zgefwt876PM5uyf9ZNY4zvQdaDkFsrrFrYxz3V3eDq3LoMNDbomcD-Wx_Oo14WA,225
aoe neboe siode,ahye,lCg6J43VdEJ9PON42xwtQ9CVdjsVfeiLKTh3tQpdZfdjE46wM3F4sTxqUg-HhtyljcgyfLOoKgM9TQ,87
ConcenTraTion,RU1,dl9NmBtpocC8bxx9HRxPilERgsTM2GyRcVb592T8LHvmhavOYuGAc9HJUzIqzuC6JyCC-NLgZKLDAQ,486
WETER,RU1,A344wXxidsP65OhnRYiVe6RWPcrVkP-4qzt_YqfVTwHLJdhIAnKNMUZjV-0R9bL1f92eZ7Wq2dXk_g,52
yPaltusov,buttr,BtsfHB-ZXaTX7df0ntsQO-ye88ApjlLyFX06c2y6EZFh7tchLq87uFbUOiBBs-3E3IvonVABpTjQuA,824
Chiffa,ZXC,hAxPGKe3C3z8VBfEzNududUdT_GU-BnvdO9mIU5mVM3kQ6gykXH5SkHqaqYO519SWh-In9ZmIg1QVw,550
eclipse,kisik,TChVKoH_K-dEapvGI044_p20zYLmgcbAd9Au1DelyyKO4PwvgsrMkfS87boSAVvf7PHxApim6gBaXA,338
кaкавоз,RU1,ZuV1-52SoG_HRD8rhxlUd6gGqbWfgwnN-6ghrWGDOExhvpQu5WMvfTdBXRPTi2whrEaH64Wuep0Rrw,102
crystal love,ADC,cFGoOKYoCokBMPvbA_KKSYMlEoLyq5D3ie0h8GnRMpk0lyNIyuSHkVmVj3eDPJPijQ6C42K9JbZhlg,422
artypro,RU1,2mMkfYjiEwt5eklJnMPTe1r7HWiUgDK_4VeIgPICgBC-P3lOcEE7Qb5sZjlLclIz_ubW6fdetOI24w,352
hellenDFL,RU1,Vw0qXNl8G-kF9SxOMoqvhXtYl_2XLiq5zAenC11QuqTxUrjt1UicmneQKu1B1umMnBvu3pKX39Q-qA,419
Manaskа,RU1,FEG0XewDkjcyB0mJx37V_NvbPYBHHhttkHcBWIhTeQzaeFa_7f5-4XKsLtzw9ITjK9Cnd353snwptw,437
Los Duckos,Sand,6KDEZLr0Bbo7Byaghyv3I3FfoQyvqgsr4HMZ6PplCt9reCdbl3Z9iBjgrSY7hrloDMB1eEe5-ih2eg,582
Сучка Сапортик,002,-tmkNf3yllkHtarjvJT8H2qgLVT077o72FfCpMq9FEJoXZbQCv334-5lQnfIXiV7PSKnJAXoTsGF2A,504
Hi i am ur Elo,RU1,AxBwguxVkXo_gfruiURKMoLjjYNfrXdcj5O_riTRcfJFygOGjmHQkdm9xU4AWZdEGRI456sSfNzcIQ,195
Bonmen,RU1,7bcUKlnmHH3lbfhHc5PpZsusCZHTszNu896Rz8BW9Uts-JDE3KDk8afV4qiWdDlT_gMw9Tcy9TxjEw,490
BYb1Ka,8526,82tnJAYzc3UkVJx34LGLuHyRAYIUuhUR3k06I_srSDJ_oZtSe15tP0dqL_clUALJU6jKHL4X0lS5QQ,702
чешу пилотку,вши,_HIjuORjxGJmFAqojn1TcdL-gTFqlMpOthY7CXP57ZYY2nREKLYegtMW1wn2t60lkvwOiudamoEquw,
2olk,sigma,Zl38PX8gsVPp5dQ1A1iey5aWlbWHoPGnmQB7i5pfGr7aOQmGGOXOMN4Pj_pgejZp_8eyqsjG4Idq1Q,486
T1 Daniel,Deptr,mcbyO-RCDB1OgOjIdE0Q7dzfbS3cvPeBcBt-dgQiyMyHnUWJf0Wnb6L_vR0Nd4ANkMkBKx1s6I5A6g,360
маковый цветочек,UWU,CpAozOHHxUk1vA8VNY_cwtE9KbAozdCmlo7vtjii39L6wbHEHoVrDx5UkBLMVEpaUQ08ylwOZPLs2A,242
Mmira,chan,IDJCw7lEeuDPmdjvbJf_5nTsd1phvZBVNO6EQ2R2WD-XZP-Quog-oV0W-qeJ2DqHs_1Kj1hGOOtLkQ,556
Screenen,3745,fHuTmuGzvuNniNnQr-vBGK6-RCr5ySDsLlSq2uE1hXB4tyu-Io_1I2zfZrB3piSkd-Jky_SRr5pUFQ,662
МАКАН,БРАТ1,k80P-ZVdoE5BKSXneX6jT6VXJsJaxLySkiiMpY4AoPFXy-E1O5AFzBDG85wbhZYEMPSA-cM2x2yC_A,632
Dęмøn26,RU1,wh92OpRVHNP0u-ZJ1RyCcmQtik-yj7ZmsSJTfxgliU8_sdZnQIrEK3UD_-FAcdqXzJ4fSRI_HtYxXA,109
søyerpipas,ESP,Qd0q_TypsswJYbALGvHH8xmeEF_-1yfck8uDUSS9ST6cRiHAlZwKu2y_VnMFXktRoCDXl5vVvx3FoA,797
varmig,фижу,YW3Tw3ASIrUoR31nzFwqPbP6aSVT5wikIAkR_zB3tKgHFqOWp6-Ksw3rLpoOhRHJqnk23rOK0zzz-Q,813
Мрачный Лорд,Mage,3RoygnZf84n_BWuegFNZUWXO4pj8lR6dqgC78tZFToo3Tpy22pYKF-jTC-BvmfNXpPmFOS7eWw2uAQ,534
Mikka,Meow,LrTuJ0NIdZZ6OYR4EPST0r0U04AynaqpZby85-53d74YakZJ-tDQ3au9nbBFmN4I47IGbteiuPIaZA,702
Byxlick,RU1,1XPZgZCJ3rSy295aNIuAc5XDIc2qiiqIxLNYc2Q35NBEy7taoiH1nOL6oGsq-PBfVXNlnyaKBSNfDA,588
PinkLake,RU1,xKA6EtUew7PyWh8_HQLiL4r1zKCwZdRWIbR4h2ZM3zETv21nXloLgoSxPPToxKv8NdlYkTwfmZCBTQ,686
oтчим ТРУПОЕДКИ,TRUP,KFT2o4YvfsUxNbdPNzLIijevkjoSc3lQM1CTGocKBObq1pMU7RT-jSrl46davQMF_iyAFO1aWjqtZQ,121
How Lovely,Kon,OO5hV6nI3e_RX-eIMDDDOMRur2ljLN09SsA9psAgx071kMok-0WzZx2MFQUpx47z5jejrr6OhIvSFg,1048
Крoкодилдo,RU1,KXo7f6v52ZikJlhOwpnPFqIibEgCovlireEjouXy6RwLWKXQgnzKMm94ebrs0Y1mN_Ak_2Gi5duBhA,721
Zedsu,Dag,6BsXDAKI6I2OlKVu_Wdn4H2jlz474JSN5EFz9WX4BZiYt_Hn7gBBCocGsPu4L6H1-KGnEfQEbulHag,685
godCierra1,RU1,qv0KQy-MYmKyHOrEcBlf3jYvw9IgBL6DnoKfeqV7OA1-F1oKSSD5iGwqnK6wZBKmsEpWvdt7sv2YJQ,64
LoveMeme,Diff,SPGLy1Quqm91O0VaR-iwaCM8kvEpYULybX-RXfsoJSIyCZrDNlTnC_Ud64yiYv5iS46gCDB7HY7RWw,358
Vesterd,STOIC,C4YzF4RPN1re_PwJvZEynbZd9y4EIAkcvfbyyOCYLLE9RFwxkDc9AKxZ4nAde2y7JtFX_bXaHxaAOg,490
Za goVno,RU1,LqfRWQ68Cb_11FKPeWL8eVrJ1yyG2aj-dN7xLNr6BTAUZB-OXdvcMY4JqtN_txP6lW56g6FXqQKtNQ,195
MIA Llirik,RU26,DuJhz-sUzGfn6N_96GsuB0sAyoTY3NM1QFhaWmFYFqvfdl2EYF7BlnZU7neVj5FPmMW0vlMmuBH1hA,946
killmekatarina,scary,oq6jSpqQEUkYB6c4PL9ilRHkPKX5fTzXi9RDYs2Af5rznFvXjmt3Wutq4U6DGpAHH7i8GgpS1h_9hg,902
Psychic Lover,Psych,2OzOHPlDKcWvJROdWcuKqfjveQhhFAOrjhvA11NzOplXT9FdQjZWFmUyPQ_JKjA32WZJZtV_qFZYkA,710
АНТОН ПУССИДОН,kotik,E_T3clEAXfN-yRxCVGlYP5m3EgQXn3b10tBeAd9scdrDjTm3V9eSTEuUp-W_iqXLjx6gDGQp-Xe68A,846
Charlemagne,Karlo,zYPV08pxgjzclY90GbAWapaSKyNl_SUodKZTVhsPNGTFPMJKCQxN7A2n4fGH6HSEXBqruwc2pMyXOg,679
Karui,KZ1,oKighyoeRyBaUv-sQwL7tKWfZe4J4IYPNnTLObKNnQUAOfUNDjHmuLAgC_TAXRDpC0ETfhufWSGbuw,436
Mirai 19011,RU1,8ZN0Tw803M3DeUoArlqU5xAPdNxbTXbOBoRHysdIUzy53FAWdgCGhurgrFEsdML4uk9Ga6XHd2CNgQ,176
shironoir,PMA,h6JoikVttfGbFIiCL5yem8I7L9YkEH2oUCZpXY9lnr488FI-WRvzkE4C8ictKGwW7qo-5fn9xUiKoA,307
Его няшка умерла,Killa,tyrKBBhFv95ibNmYj4_w7IRM1Ju0KMZxR9t5zQBI-258x5NfxMF8ts_LLmniS9K9iOlQ8RxWo31SDA,948
Сургутский Faker,RU1,z7wfPKeh5tOk9fFdFymKiWoK1LgMSxwA1VU-4Wnyqh0zQqfWdBEdTbqvgOtAVEXOdae4GW8ZSx9Dlw,347
SigmаВоу,PABLO,mPT47LA72vnMAMN87YYGei7jdgXnmtLmoZjikk8Lozq7h87SJjbbFzmmFMzKtME3JSnGE8oZXhG5RQ,525
Sućk my Blood,999,NUbvx3Va8Lq1tE4Uy_uCjf_QmwT0fdxx9YDfC3xRx3jMfkjkCgnj5vyIBSy4gEw3wQMAbk50Bd8_bQ,816
lil чмоня,яков,rmfoneiPQ3SXuP2HUGU70Yt-26hsjv9C9jX-ph4kg8RGRucK7SZAQbIdjgma6Ri-cIxZGsXXWwUkBA,598
виски с молоком,белым,BcICYw1pgve8_3R1CLZVzR4UusrXVTmfkMzaAxUgR30whEYjlQs5XW2sHTI8Ug91dIwa31D4Qf3doA,782
hi Guma,RU1,uC9aqLEpMf14UhjJryxC0m_qEaH4lo1uDAEfD3Bf_dPuzVZUH2tUzdeZ4VJkYtv2L3VWG-qU23qabw,624
Безмозглый Ларри,gyn,nUgawUUkzOlJlveyLTNc03NMHB3tuFqTleqSBNrX7_K44eRJD90CWBlQiI1EP5GxDyDRt9UO0UuOoA,697
Comatose Patient,69XD,61mroZLR-YZ4WFuTmCVMFrnL9eEC_4KAE1n7NHl2UDMY23Uwiv0kqsbrgRMW4EfbjT1nAU6YU2N0ww,922
olly oxen free,pon,X-EAtrVNv6qW5nJmSV_M_sLkBKFEYIBsMEb7hRCst1rrbRinsF7dn8Pz8Qegm1Mg7jEjfVWpPNZHVw,778
CaptainMexican,RU1,_hQ-ppPkPG7fHZ_SNR3WKGJ0wm3HNC-M-MGlY1gwAqEwDCHQ5Plr3dIBJqxnLKoif6CLJmkB0bJxnw,529
Wise Holo,RU1,AqRbftel5Yh6-yPkj4EreVZRAH7QnJRvckGQE-AlfHSMVeqGKqIfXSfpmVmRGAgYk2ODnL33tN15gA,118
РУИНЮ ВРАГАМ,АПНОЭ,12gyk0oMSrGg9lOW8XnuPYGFT19lN6Wlrpg-u8jxcico4M6ngTt-S4gYFoi3VTQn0MYwfgwMcbivhA,524
Xot,ХOT,MIVeIvZacKwehU8uEuYYh1cBJyWZOUIYy4j557S-_hwDlCV8Nxbdo3CsDI4yT07sTV6_bPsyuFI8kg,664
BLAGFOX321,RU1,sv9mHHdmG4cOUWkSnAAoD2idcA13gHVLyG_zTS144KFX7lg9RuOICeqNEmLh5IHYvYXLNtGI5u7FwQ,441
ПапочкаХаттона,сама,i6qBcNYcl-jdjlyUUK9su3WkQqlCnUD17cda3G9ktdTaFiT5_yoOolnffjfRD5d4iW9aKbqG6H6Baw,836
Сяки Ахyяки,miray,-IeNqHLt0Mjjj7zcaoDcABJD6qzRX7DqubDnaYiKWMxbei-XYOg7nrQ9sIGqsU6F1JLBCuaB0eTVmQ,1119
SMArtOrc,RU1,zUTClyEFJohUZotcs-oHqc0yo8y_Rajr_SvUB7kdG6-hODZ20ZXHZJqWrBlTWPP_OeaU7w22m81ZXg,452
CrazyPower,RU1,NbvigBwQo4NoltKlUWov4EAjcpTNeaiOvW29vLcdkp6KQ0y4imNe0SPm1upcr1479FxTP1cgRPD93Q,314
Aphelios to r1,RU1,RyAqAlrpgvlBixVMoUqrGBC4xNWIsJ2qNCF7Eddv8t8lXKYXxTU1OO3wYb9Bc3WWmMXx8yb96Vb0Tg,94
Йонебояши,RU1,A8pYM6tvqxVLcuR_RXIjYywNMeNk07qafAWGhpYpQuv06sLZyEosl3XQynjy3rrfdhUB3mVTPA-YQA,213
Equiii,RU1,XqtXoc-il8g067iWkNiUXBPvCmjlAwFkTq2LgxH5_Cv_g8KGr4gvwMAHXq0icQcz3yIQR0WgZwPLCw,386
ΣŁØ ťeřřoŘIŹΘV,błêsş,yciSCP41h6P8IPtjRZHsvKoQc9QVs1EYTm5fdF6ollMG354iz2F7NhwavjBdJ70vbaGBUrbcXsEKSA,271
Господин Милашка,Чпок,8frF4GyeNWdSaKBjWC9QiZtxStB3GtLkQingF8Zd4_F48WAdjPQdqOiB-J-6dzgc04-iMWi9QCkC4g,856
EmptyFo,RU1,-dFPOGZP2cq08PYvilUOm530ylGrXcFpFnYVxuuDvK0xY-tvIYeSxGaLlgAfE8tqve2ZYCsuJCqLIg,158
Voroshilov,RU1,0tsUkBqkI41GipirPzJg1PpiQXO0evY5uySjYslf4goZzFB9i811ELg7ky2ytgVN1DNpzelZXkek9g,486
evilbeelzebub,GGWP,Cq1LhpjufqIto-hEuRLEcXmNNq7iqQeXsiQpBRGTn49vIxHey0kpWlLAp90d1poDMorPISRche466w,111
MeanPeter,RU1,LcEtDXaJAoXqiJIMBrCnGzWSpWrcMtdoZdU2G8d-HX8bm0mfeP7W1EIVys21fNxF64wIaaUXStGVfQ,544
Floraderm,RU1,gxT5e7G0Hr19XZ-K3cg5f7wkDD0dQmKDQoRiXEUl39JeoClstSj1TBJ-rMT-3pXufSeuNsLEJAVtnw,118
Olenjer TePy,RU1,rUmsHaJe86ZPOfsntqGsQQcCbfX0oXLwxLJV0P2dwEuGUcPhdggDIOYDNKB1yiqz8i_gt36K6mEHhQ,252
Dasti,RU1,DJ2E5yMgtlQekxX_BEOVOQjKmfyw7rviJRR0QXKoctwuBMMaR7m84XMXwhSyfNPZkqBivrwhFr4_kA,577
ULTRA HARAM,RU1,YbzxuCTbPW500uYw_1ec5lDfVZMixPGYO9L1JwGqug7bfzg1Z1xM4c3ZYQHe2wu4_M2oQnyIS5cnug,539
ÅlêxAfonin,R888,92Ov-Z2z4mDmar8o4vtdVyZHZsHpbioZJV75YHIBhqmN5gbizF2Mm0kAQm0CZgBeByl9M5H0WD3u8A,651
Star Lynx,FF15,cQXdnTXlt9VlSuH15vemTXrwX_LYzeGWuoMMXdiabS6Pp4_Jw4qndWv0GLLlCcXfpEF0pexscwlrJQ,708
highlight БАТЯ,ПИВО,IMtU326R0xeCPYBPLLrfGKDaw1CsYfEEl1nu0r9vJgA1aiPNqqXDnKxLVas5b3fvyi1SyxmkHPnrKw,741
Fauthiedali,RU1,8II6tv72o2-4ZQ2nzpv1qZROYBlC22wiNyFQN-l_-G0W4GYOnPYgCEiZ-b6MwSWAIgPf1J_ZQU2Ntg,187
i hate,yoou,-A40ke_cG_O_RYEhXyZVY_utZWgSofI4LX57TH5S_cKN7cOLD_xx-49xePLomC7xKHkqofnfmc4mrA,1139
Let Poro Go Mid,Poro,0POxnGcpTwjuRMqbi3Mm3LCoxQGM8VVaSneSFJy92-E6dftuBB8s0KWF9usX6BDCPjP5dYf-4b5phg,687
Кто тут БОСС,RU1,8BFEjTX1GrJ7z0XY0ozOnNu1vMXX_nIq4KHyLHfVEKCrki8JMwqISmNfxragnlSKHxxsv1itL1mFUQ,417
NoHope,NoFun,CmTcX7YQ5gIJPH64O14Z1glLcqOvFkicD9D9u2VnaAjxSoLcfALjT5220Bg8qty4cFU7I8eA-vVgCg,932
ArtJake,korea,j1VakreWNB6E2vJbZ83Jj2BDsoCaGBKDEV6NQmNBrFHOuVmGtPkNePGresUA2Gr3mCjJkRgy8FKcyg,392
Undergroundmode,RU1,DTvU3zrX7mQoJ5DXTxN6E0r6SPzxMcGz6Jyy7iQqw7odmAGR7m5AY7WmjfwG1a_BJqoO2TxUFavCQg,641
Kakao,001,K37xkcXtPH2mYKc-cCGvXLg3Hw6BNUAICKg_6aG5DyiNL2ab88tANEakBerXbBI-t5jTZgu_Xjnpww,758
Пацюк,mqq,e6L8ic4Xkelm0wIZSKeAZwlQEuPknfO5W-jiQiiQRinZX9pBFttAEYWAirVwvzr4iDmwXOZRK3G8DQ,359
Храм Разврата,ff15,w27rEMBENqiu6Qb4ITXz9caGK_sW2oT_Xh-Fc_09GAA32rldE_kAa7BDQCL93vrVoo5hs7RzSCrtMQ,68
Temporary Sherif,cait,5Ahn9ugVgrAhY3hWaRt2P1DLG8hjQrWRwcxKrpK1qnV7kfVgiHUtJYgzZevjRQSrBhrqe7PzRfMGFQ,524
xxDarkNet,twtv,nZOtZ3SZVbiLwM7MuRUS-8Tg5FBdH-KXm34C3-ZT89mtYLs8yvSzwHfV7DtTvfErhLLPGvJYFhv2Cg,1060
Doupe,RU1,x9zJOQF71bXccj7nePjxrQI8JDj8aM3ifAeuBAJ29VvOj2WkC11rh3zX_5b8TF6MLyrtjwdZNFl0WQ,313
OpenTech,vol3,rZjp9WwDY8D-AP5z9l6k8LLzPCa2WboaK-EH_RWlJPKY7oS1_AkoDkZJMdKdYLh54KYh3eUyUoptEQ,198
LIL DAWGIE,RSO,e-6sXXOzpAy1IX8k0tqqRQuhGjAEY7rCgPzH0Pw0x5y-3CYcVJQqzv5UpQa3HbZR0yOP1OrDSI2_JA,885
Rell Canwell,phd,IwhdkKudADC7PBWgDRBDLeATotD-cS4pdQDR84Bw-CIletKdIhV8xW48rbrq0-bzrH9GGIQ2bku0WQ,244
她眼中的美丽将永远留在我心中,甜蜜的回忆,Ynhk4h8kJKTs6sm652AbnIeB6cJ0SAXk73LyezpvWpk-NCxtvlIOEPw2yKFQEccjh5V6LhZ3HTLVOA,77
медводка,RU1,bigk7eMoquxIbo3FY-gopsPFZ2ynxKSb6wzwna0irQj9BC-yOGoxKrDijjzFnF8Ki796lWGynIfxxw,238
черная очередь,компы,WKGiWbu0UeTNwNtLDBa69h0GIl53hYRCKByGcguXU-ypAulPKVxOs8ozbaF2tIy9JTaE2Clpk64eEA,156
TelkoLOVE,UwU,VWnoXVgwT8oOTf3UZ-KI7ZRcPLyTQkJ1Y9YxLjt188pfiJMmnIOe8lFHYRXpu-j_KVUNF6DDdRtumw,316
Bernkaster,Witch,1XIBUh6z501aV95QpUi4qm50OPDY1Cktxv-iMP5ijI_N1N3hXJXNEohC5WYQeDSAzAABSSShF0p_uA,839
bronyaw,МЯУ,BvgKQyLSLWRTYNZv9GCPGQlem_2yYMT6JCo4nplkA9MQW5yU4lLJLlaSIr0TVl3E1-4fLSaSHcY5JQ,610
BLООD,9999,EGcBPM3kM9WA1AYxHYquUT-Gsy_s6ynBp0jTCZ6sizIlkDuDoqRSAb_BgXCajMjA4lLKnmFu38lQ9A,886
Vonblin,RU1,AV9biQ1vtZZQ9awIyBs6HvyTDUhuFoMHvWocpDh1fXtAyQpJizwLRggWSHq_nKF5zSm5wFXiCqgt5Q,738
Runtonin,RU1,jkn4VeMCOHRfMeb4VzOPpMd22O5buObGRzDoCNubXrtJZqV8KAgzgDABPSW8RzAMgBTk4Ze9LGFwgg,174
Numb,TTS,LX7ViD_jGwyLxVO1L4KKJgzK6EA4mfXQRzbCL6Um5tYRVhyZ_DhDxKWyt9a8MCQpYAr65sKqq9xiww,444
ksvrostov,RU1,v9H5ChR_hRkHHPrMHXePhH5lF5W9XC1YuaTo4fATS6AOfbzYAV-DkxP67MVMlMBaNzsj7NS24oQvJQ,513
Демон Сиджед,brrrR,WZqEYv5sO-bSv-gesIEH8nM9jREEhwVoUaFanTkU8d7eZzI7Rd2XvR04shDTaH1peyMJ1Rchizd3rw,173
Sexmylol,RU1,Lk4DyidClQtEt_B-v_TNG6KtGinTpDzzFoy3C_hQegPfs-6-96rDfRt20yguZvmGihGCPKtdYDpVtA,407
Мальбонте,Malum,_SBLmA1lHpiQ9AY6o4CbHUng8YASlJO7kZmuFB2tKC3ngky1tWI-1m7HgjdfYFg2hkOL1NbqM5Czvg,823
Rejuveni,SSSSS,RNYcqDuy7ZDXSqSOmjNsJ0dSxjlkXxYh5BwflKbPnepUE6gttTSmhhhUlZsSYnbJKRWrI5LoD2XRMw,46
ShoGunn,RU1,xZ6LDCPXqmBAhjkihdDgzipSTpZALDfHmZmyP4-jqlImIfH9EXB4WaZJdxdFUvAI50wbsnf0usF5tQ,186
StixatvoretsZ,ADdif,TXqMOPENdyrMSH7vsvOLholTPM6bbo_nyoDXYPiDaI4xi79R99Yg5JOzLDEVlk7N_xhnFvqojNExWA,434
Demiron,RU1,GF6QTAfVZGzCnckBdqMEJm8gvTNbK7BatbZ_SAhNf9CGSKjxBpUQRjtn44KXMdscfqkohOgmcCoqWg,55
Шашлык,пури,gpFCuTdWcslCUNT5WDQcGhlyxFtwUBFxqCEhygWexZzKBtyNtCqHl_o1e3Qa1-yYxsXSqgPEjZEH3Q,880
Добрый и Круглый,3743,CEcjoS8v5aOK9jWOj0yG1tlob3g4FRegpXU-50lMv4OIprVp4QZEuaQy9IRYlUwiNpwxbw_njzdA2Q,459
САНЯ КУVALDA,TARIC,HJobUahTcsGL4CFFCesrQmkY9Lc8e8w3MFbyGsvOFXEvbxWuXbduFpKRSSQN-MtL1NiOCpNPG8AAxQ,458
Dieux,달 쥐,0Jy3mjY6l0BZsPvpsPUwgOeGyu_mduG9GlZG1hANZbsqU96GzdPl7tHhKvItdiIOaYYNmUWybTGKbA,498
4udoKvasik o0,RU1,HMrGOk0PFwmnOCxO3xrkiivqmDvVYY5y0UsXlWrUXXQloneTFBJdJpSuIPryMc3c6glypgMMZ_mGmA,543
ТолькоНеДихлофос,BBNB,Pp5OhmRGEvRgc32jP7tR5avwi1ffr3NW6BtqvDAcYfCUMeUsg8EDgveQsrkSKJtY5Xt8rcCFd_vo2w,615
永遠の孤独,消え入る,wUtMtaxGsd8DKHoXYDEyxYZDTJS9_aeZ4wudVVa9PaBxuBwnDFIDCNJOf0p0Q-lsrtK4451dxSYmcQ,283
Dainer,LSI,lUC69TPHhk2NPRRh5JjRL2vUzycRCHKQGIc9ozaNm1xdZIE2N5IAIloguZJZkj9_-1INyrt7ByVizA,909
Yimetra,koala,RpozM4OB0N-MvcTTq3exH2P5_JHmR_NZ9QFaGNrAwdg8ncRltBEn7pPuxmG1TwFZbSQ97yiA3EBsbw,459
Detritiy,RU1,QKV1wVtf8jlYunzYyX7JwlMt0bXt64GcvsyryEwXq_tghkTgD3QFLTbhrI1kOl1ryvGAtMtkpqNMDg,438
WOMAN RESPECTER,RU1,J_5WoasZLWcZoaJwcAIzHvdAqrOUDl0b_xBcPGyfVk24gXetR5O1PgX1jfZbwASl2Mz-tH1sjVsdnw,445
benladen7777,777,GKHPQdls7bgGdW_KqCLQVYQSOkLUFGdKjXnOfh0KKHU9Op8XfQcgazBPLO9OJtI3Yifv8T6QWqC3UA,340
i miss u but bye,IMYBB,SIxdXBljAyKtAe1e_ulu4O2PQl5sPOVL5xgvxaFhD80Qfpy8FR1FVBDSInmnm-rYnworUj5tGPuL9Q,286
Трусики Брайер,XDD,VAI9rEK9ihU6S52OHkMUo0OlDk8vH7anINaOAQlNmo1JNxwQczdY9ZEv0Bc_qAMpEJP1I8DPfO9BZQ,68
ТанкНеДорогоПиши,RU1,DCwjr_WuEPGLgZZXIuZnCgvNx7SXq2i-jvkiCdKweORl7eNbcodMrWt8i8kyXfYOr184pJyqr29YFg,202
НастяTokyoGhoul,RU1,5twcRb-etEOZ79ZYOfrpbs4iGm7KIkQNvm8UVUiIwIHBrAn7TetgPVqUFW4Q6OuH40_apdwY2Zy0TA,427
Kirosani,RU1,M7BkHmqrCdhwpC3LqEf9el6cHTJiyOzHYVb9jwyopGYWDGvPskMxHOQQ0-uRLcJoQz1L_Z69v2_5Pg,864
DRAW HYDRA,1337,limmA99inBFSGGmj8jeOcvnThO7QwM7k3NqwXJ2IYWrlS5CdHlGZ6_7LWVqzvcLgiYZf5_Ufs0nSvw,818
nagibatorzxc1337,1337,72JGL92YsqkLAWfnCJz1dolb_emMSJaGM5DzU6ccihTklU5H7apFCuG8deoLyXsQwD_TNufV7nRvnQ,58
Fourth of July,CHALL,1Zw5_68wUUvjgg9jwsqYBNHw8exSmBcWJqTsvvFyAneeY2f2otvpCRDSu7Tm4x2h7qf0e0t9y-oRqg,46
IYX,XYI,VygPte2SMo8K3ULrwli1VHW62opAIRtWXpmwyEE2qqaLtdcaH10QcdnVq8dKOZr6k0ZDOymlwQBEig,81
ПельменьМечты,eбой,TOdXc0dWf8CqEn5rv7fwC8SHl-tb5NZY1JINgVu3nXibAqKrwOKR0pHl4HSOu3MlvfZQXmITftu1fw,48
gromovergez,kill,0EvgSDWDmmtqLvc5LCDN9ZJlkiFCCIHjYpsTExBxZ3gCix8eB3Xlko4EKyVqQikJxG1z53wJJCPJxw,121
permábans egîrl,UwUL,O0pZwTwJdpt1L3qeqPqNyEr1hZJHxXtE-dHAmlCG0aXGc-BdqczJrybxDX-d_izVRdhaa3RdhPfdhg,120
172021287,172,Ecu8buA244febKI1U5Okzy3DTBPRbnWJcD7Q3p-s4O1ynvYqj1nA2-eDuVQ9dwr4NSc7uEEoje4__Q,89
PowerOfNoxus,NOXUS,72oUaQxMUDrLObTsrirzO-wOGF5-xwxLm-GTEP2fNHbSlypuytugF8iNOXWnQI3lMxdMBI8Ttnp1sQ,53
Krager,GEP25,AO7xMLLr53RlaWXrjW1g_95Sts5cxjAE8qsrwLHD89muW4_1CXOUwRejKrNMBdmQ2xW5QYAb_L-fwg,40
henry,52034,UCqkBVW-XZfLW5EputI6SkxgWyheNmUKUsN1Dcf9Cfxk7JHtSoEGrrYWsyXB5DGPd76x2sxGEm1TtA,108
Jolmanayeo,valds,FhtCB2nfRlxUobFxxiG8WgH-kOxCEHZ3gfigGecsF6dbxgkzAHwysyM6XCRDkVmc-rbTCTvY_kTkHw,209
pokazi pisy pls,lmao,kwCybnCipe-j2q3724MYx_6zdHpWZsfg3ChcKxR6kxGDXG09EEViqhdjqslguGg4jn76Z-24jzonLw,43
valducci,LIANA,QC6XAL_24Tj691O3qFCs89jR_a2A74WI1D4QRoEcXJwAplR2byYHlmSISEgKxbcy7-ejhHgj4Xz3yg,92
GERMAN INVADER,000,ah7YYOVgdhavYzy6IH3LTUJvdDgWhCjelQxUnvW-F4PAzpbTkfLUdirtDZShNx7qIuZzk97DsRkYbw,50
Страшно,очень,LVjuabyJj-at2Kgpe_FLMQk454B5pFxWd7maCROKj4CLWSdDRvrpRbi9tUE4_vy4zYCS1WfKqK22fw,80
angel overdоse,slvty,25kD1IIWHp44r8lDWfdAo21Wq1x8zai8u4zd4SqZQXOH7xhT5FXgSCa5PT1voiC9nhtZ-fTIlBhwng,64
NAĆPANY THC,TRIP,ARIypc0HnBY70pVrYiw7n-o1AoP_russROfixuodGDVriOLrEuRZx0qN28LzmB1KvUWYj8O2GfQ-7A,57
Sai,LOT2,nfEgASM_ZX1WoNmTiXh1f0tSQOVLuX-ETfT1488RuwPzee_R1GzABEDI1Bh-GOenUPgL3Z8p8NYIIA,52
NikzviarEuw,Nikzv,hxPT4ZXi38jTLQ4SI3TV6CeqrdT5fu72-76KSx0mi9jYZIaj_VEDrIGvLOiL8KO3OPdCEu0QfEgYUQ,58
alone forever,ily,GtSvmwaK5OsTppf_6fnAT_JaLpQxjx-5YvPyyYCV4sBLq1mmNEGobrqL3iuVL3j6qmRIfqGf5-aqGg,120
Privjet v2,R2R,Uz3SVM9LsQXnQuXG-NIj719wGmWDc6YcoIWkkssSHBKZq40rFNujL5Higi89R3go_jlqMkpM1HA7qQ,44
The Atrocity,666,_fA2eDbmhEM-vtyzBia5w1MSsnI-Tpg5jt8WtFyS_mth8vfy4mhgW3GKoi572gHhi11cVRtUxbDxVw,57
ВЫВСЕЧЕРВИ,WORMS,EkZxW8rEF8L1GhgzBV1TsrZSqX-svX4UI5AEWlG3MkFvEsZwyIqmnonWPpjOpLqGzBy3urkuZRewSw,97
Wèi Wúxiàn,夷陵 老祖,kkiO-Q3infvHIfGSuVxuFbPSSDyNCJzJE3aJMQFq8XVIfAWuWd7DVCiTyGjNNChrOIc_9BHH_jRCFw,340
Кристина,00000,OrYN-ciaG-gPOIdLfs75fkF6I1frx93Lf8N_SIgMihYl4c-w9eSHwb-XytCpznuq-Sm7qmjnj_NWOw,50
de4dk1ss,bl33d,1C_AnaMsGmZKxGgisO315AKU2JDhNiIBOsDbjeHnuf3JVE6orl3b6S2LQaR4AMRzsTOSYylS4pIp_Q,91
килингсспри,RU1,KIoNFftS5Df5cldJ5r2Y0lKRh6eAyQ-xMaEvmHGCQH7L8w0a-7EMjdQr-f0wxQ7Q1OUoqERRKbf0Pg,50
Храм Раскумара,Рusу,1Bi0jycvQBj5uSX3U3Okfb9a_zoJ3nqhai4HaN7kT2z2EeKmO4xQ6weEubIjo076Wnv4YwKFaeQQ7Q,241
Behind Vels Eyes,EYE,ieA9uZTUZ2EzabKdmWO_mvTH4jxm1hXs5Ydd0UbXmUka30-AW3zftUJvcdgGdeqK54FqKWDIweAnHw,152
Duh WOOF Maker,RSO,Rnv6xJur74UAF57Oyzup4L69Ylpz8tNYxDRErbkqZiC5PnR9VgvcgRsJMZSAV0Ec4ndxOPOulpr2AQ,47
我喜欢做梦ーSweden,UwU,hlc-lcUqOA95ZQsaIYaEguUcU7mNRKHIFTMyNIUxqdr5GIK6m_7T1vkjucb8fHwgCR1z4m7D-8e5XQ,41
611473,TRASH,swZ87fP5LlLACteRWWV8JeFg2qhu9hDSR0Q6D4jGU_b_ZPrE85rZREG80ppG_qMKprp3h5Lj2kY5yg,45
Playboi Carti,ADC,0UwftD7WbLAzeJvpM3MeBoObFniuHzpKZEiPqSgkLN8K9Vhj44_0tlO-tdMbEE_6E9wrcM2KJIU1BA,59
депрессия,Jesus,JkcwXeB1GXcIM4SjPw9ZcS4GnH9uXGs2YOaLbMbrfRDa8ILBznt5OWZotwZHYbLrbZQy9CJ5P_FPqA,272
74 Nicki,00740,1i2clxaNIfKJZKp_o-QbIHsOpoAj9ln_XywEJPHHUkftCjsjbC4yd4b13wMIDgJYiyb6ghHwIcV5dA,243
Dowahkiin,RU1,ZccAm29P-T2dk6c8kOIXNRPld0FRx9bWyJvRa2zywzdDIIcw08DgQ4ZixFwNghKeDAtPTMcM4uOyow,143
she says im sexy,хант,0V6chGJrVXKbBIdpEZp-fowKoN3y9taO1JWOh7pQnKS3pwf3nvw36VFSOVf_8qB8spfzuSnIte3f6g,100
S W A G A,PIS,kFyCff3JI3QtpaKJN1t__KB6PUpdRQWMLMTfXGLG4uo_GOJijeoleQIbqFqQxahpmNWVzg2jzkWrAA,438
TraumatiZed,GGWP,A21XO69zx8n7CLB5ADdAef7RtDT_Bhtm25DS-XKUJpDZl6McCLVpaQnXKaCVe2CQiMVE0riZJIhgMw,225
ФибиЧупи,727,63Z5Hb7oBV6Q5YJ0JRhMVcgBMv0PG0hgKCAue9dZfinxYX8GvhIbiVF5rqqO_m_HQSHOhmVJw1tIbw,273
kussakabe,666,NTh6XAdZrJRjQ_t90Y-J_yCBvwaHrbOc6j5bmB0pLRaU1cfWxaB_02B7uKLiLyO2vr-v9Xdknf3RCA,168
ivy,eto,7M0VmdTU2u2m8qtK6KUGDSqVoMyDvmNmmvESKkfEiBVri4BgEkOAx6AtRdO_zXFHpw6gnD54RqBCbQ,48
Magomeri,RU1,gICl7MoVzHjQADBygOyv-wJx6x15TnhjOluHZgBM5F58nSGKoBytF_X_exm6wBsdArUwCyoWTTEOXw,91
хранитель зелени,333,_sW44y9lxWrUioboLy17htbOLrpFxJj-LHyZQRkPxzZ2Ja9y3zxERGMEi_cdqFa1Gqr4pXn6yIUtZw,930
Sword Dance,heh,ljbmNfiPrbgggOf7USDHzUH2V3HPBY-0CczNkMvzUCymigt9RhveuUvcvzG7wRF4iZWxuP4YK7eSIQ,343
NOT RED HUMAN,NPC,KXh-qz_ETa-JxoZ70DYQHLIGAlJnAfuLCGCYVnoMwn5RyaKHc_h_FDc8f_8BRScVyjGtrOxckLKcWA,542
Loklestern,812,bO5E_gyA_m3r3o0F5iR_cUQzaD2-kii-IY3lOTfbr6gFzvEIpQ8vI_TSe5T4t4Qfx_B_mPcljVQu8A,294
TryToCatchMeNow,Kata,frh8GaKAGdl8Uvev43-E0iWPRc0_yb45YNXDXNS6zULzI5r0JglxxB2Uq-YQSdCK4MTZUvAMUwlAMA,87
ОБОССУ ТВОЮ МАТЬ,RU1,hJX5mLy74NNj9g8lR7sQ-bkz4qi5bw-OABsf9AtpIKgR6CZUv8-LBOvLk4qwG-G4lkhHO3fligWJTg,86
XLAMREVENGE,RU1,VfwaTr4O9FyqaSDFvrvL0u6A5Ia20o5qIMCy95xnFaavyffwGwdSspGG6gUzGIPC1NC8JY-nllA17Q,73
xK1ng,RU1,rormUlPwELa91owt17oYC74qORwCMViTS13V-VBENignF1Wmd-7HKJEVSvMnC5dUDT2CFxIjFbaZmg,599
RAFfff13072,RU1,Rhql6wUTfFv9BGME5LmFUhOqf-aApN0xnKGRa-AA9njYKXIWKZv-73_22pEgYDI7cV8vkykQIOvRJA,60
rank1,space,bHSfUzxQvfZ0YJZc4nkYHnBv0LyAwUwS4jOdY86zpA8N7vmEystOs_msap44JFyp9eBJk8r5e3fexQ,66
Chеshir,RU1,BDJJJHGnopxAnbpf3ta-_tLAq4KVi3lkbDeKibFajXCKc16CxbtlanvSudEywS9JXLGEMMLfxkgyvQ,136
Koii,1118,TuQI9c7IM6Duo03TS4iaevjGfdGi_-7hKFrNueFvbip-GQNfc2HfE1vFIPFuZ1FxhuSar_flpuR_xw,187
GLEKSUS,5219,UIZo4T5_X4tRSerMZgI--uUl1ogh0LoAX8V_oj9lICiP66UeWrRhdUrPtPa3vdq5BJMAMxQXndZdAQ,570
lqkpma,RU1,QXUZu_RMQyvyowCRGw9MWgrGIFVqpBKsRJg_58ZQWE2_OJPuBaQDVYCjdr_vg4qy2405aJeQV59FRw,132
Нагиса Фурукава,Данго,N7MB5vTNBRBLEqZE2yZFLqEXrZAGA2TzcKgpwanXBARzjxq9kG78ANncJ9kOYq3ghRyiSpV3dG0vkw,145
Ровный бег,RU1,eG2OgVi7PtoYDpEt45eVjwFgVSEy_wVgRiEBduPZtfJ6RgsSgNUPEuQVr7888goB5uPSBqvPmZEOgA,170
DarkNightCasper,RU1,pJfNgq7_0ALwEtd_LEn-4zdv9MmdWaclRjTmzTNnVHp9kqo0gcUzIakccUEnbCJT1UbwWhHIVmKeAg,294
Soyesusi,sunny,OMzK9_y4hsG7j5-7ECDw4c2B07ZYHWeVXNcE86LbCoxibnPiBa0drStH21uyYoZ7gempMQ-Somxn7w,124
月下金鹰,斩天帝,Fh70SBV4FiZmYXBTj3gojM9QnWCySHWEFZlrwMIiSBt8ad75_x2kv7q6e55haevdKiC0xF3YHGx8WA,107
NIK2288,RU1,gsaPOyq_YKECOBuEz-XDsxEqQu94wO1LqKb_VQInhTYun-UsqIKL8fCIe6EY2WTWvSUdCd1hmJDZPg,771
KogFirstLove,RU1,rmEBHmJfJFJcTStFtcdZoft6zrYEG6GXZs_b_hcgRDyoXWlvgoBYD9R6zZ9z1XuY-pm0c0HoZHg3cQ,59
Kitty v ayte,lux,6kWX2CqCYgI07vXsWKWsa1ZTrzixKBmIFTOIW2i4byqrL35zYSCYS6oMRqMZ-vl25uD6NZauP5SkVA,819
LexersZ,RU1,_pq9tpre2FJXT9wUA-zaoJ6KOg2H9sKEU73cKGoeDcByHCCiqdGsI_Y4gELQU-qj3RCZuZp0WupjRg,498
Не обзывайтесь,пжшка,TVavNMtX82pA8JJ1MF1ichSZm8qY4BrClnnWM4v_0o-7lrVToLs8symQJPb00QAv1qbnIZfy11spzA,122
КИБЕРСЛАВ,РУСЬ1,S7Rvqz2OGyPosLX19gpbEXX5RXcfePULj205s_QcjmZj6RE_VTO_yaArFanADCfLys9UghTQy7j9bQ,164
кошко жена,nyam,wlrLhv_W3-EPHv2Lgt9hSlMU5MmGJHaTTs7QIjLi-xf362ccC7immqTbjYvpTMDTC1k93on1NohU1A,70
KPOMCATEJIb,leniv,IJuuXCN6RrEyilA1I-RYvFFj3gDe_QeluqIIPlomdYqDWUz1m8bk2k4cT73uSrjW_LVzGRO57luGYQ,461
lВолчицаl,Wolf,sUWumD2E7K0-ElLkrbFo0CGQnmtFVqGKpmmp9A4-sYEhdacMPgxJdziz-DBwc8chJHsNvY7dJZnChA,942
Geronimо,Meile,BpUM838SMr0_zYyNusnCGgmhwUwtQ3bySWaYU3Fbvk342VooL5kgO9OlJb9QBtxvyY-rd867D56vDQ,526
一二三,111,eJbeTHzacmBSt7n-4SP3fOMP-b-XHsZrTdRdth1ZvCyl8Z6PME-hi71Qt_wZsWmyl3psB8sIUk2NjA,92
TTV SoEasyMid,rus,FjH3-C5Uwj765C_Tmb15YGjvGT4m3DsvMw7jk5Of8ldUhVLZS81ijlN0u52FhSN6DcXGBCAH0Of4JQ,415
S4CR1F1C3MYSLF4U,4144,qIkdek7RkiNozlR_4kViGrefDzOL-azXZSnB9TMajkYduE4ntYOEkJaqevHjKJqvIxbBWcxAceJL4g,265
ÐẽstrØy DĩsGusti,demon,U4VoOpqHVIsyfdZs0EdvVN-Tiumo0FSQqhohIj9SSQv-DSX5551fGJ8781c_OSi509ZPEtVBXCmeRg,785
Diable,KOREA,J77qlpoJxXFfREox7aU6kSa2w4lrwoHKch6ZvkIJYusPPSPIA3seSY9fq2k_vNHTsSu6nRq4OrWFYQ,67
Yapp1i,2626,JEMKvZkjJtuMgdvs0OZv_440s9t9rxrC_H7_6EFDN9M8sR8BSr2z-bbKIwmkkxuaFuLO3SQm_2juiQ,662
lose is win,RU1,8zIil_4V3wYHT_7XTyeoN3sqSKT2avUu8pLlXiqAl5uv1d2FKdinrDgpt5sqrMR7dYr7c_Wzs-tLzg,49
Миша вентилятор,вивив,X7QvQaTYpWrvonjZ5vEIhS3h-aY9ZKfMWjQo4rUSFAm5johWGsByiAyzWQB5dt8kylO_ia_Jl2U2tg,97
LastStylebender,easy,RIU0hwm9lDHMMhCVqlyxpYeDTTUs2KZn9BqglKQCCbSmZs5KlBGPP9IPR9WFW-0kJo-SxUx4umlIIQ,453
мяу мяу мур,RU1,1hONL-kHpwE3Q8g9b4oPTaMQVT6nT8WEHrps63UVtGh_FlZA6D7sIL5-uQ9jEdnLTh8sXBMKffUSGA,174
Linra,RU1,LjNWMN_KMcsTh0qydM1GPjjTMuRs-Cq_ArCAHyrzFvuIIA-YX43YGJaKT3Hnh4VkTRPdzn44erCuZQ,92
Dake,VIPKZ,Q-SRMaKAuzHHNdV4v0Ikz6LBKxWrYeYMsdTmKnVFPBnsOVV84dAyNPi8oorCZ21W3pIJyxdmvynsRQ,476
Cheshiros,keku,uPV05Q4OzoT82zBwPaMZiylYMWILBnxGb3OnhsPl30XRmK_4aVwJekIYyIxo3OVLaA1p-BLqocffjg,140
Chudomonach,1985,uPMkggyew-PSBPxrqCIjq1cJxsuQo1_xU5VX9h7ZCdq-dO2q8jquN4r2PdUXDAfZ0akRNAV9tDC1NQ,447
ILUSHKA,CDD,QB05m5fBdo06LDz_AI3yr9XaZqRUIVtpDGwWiipaUy95WlHNStIYyqSkPsbDIuf8eJBviCF_ad5mTA,68
awkward silence,SPLIT,QasFy2tbjYVisyBprKKDsQVUamTrZY04r-VeI_vuhrr92ZgGivzqk5JdjNN4eaUTkTWj7CBrMXq21Q,139
Продам адк,бесит,iyVIvKnbbRJ1yAUGJK0nyMUh4uasGmJOOzjbByPBu9XTTlObVioKEsN0SfOL7KbQ0pxNL8Ook8GvCg,499
puska pomenshe,mwah,Vy-qMb3UTmzlnD8vpUOHXXkkJj2KxtuNqD4jmfoohaxPY9UcGZukA86p6eV6thKcbO2xZGgNA5fPKA,441
xaio lai ban,EKKO,f5mUF4XzAOXJzDambM0B4pUxqqiENeNhI4hQoby7kBeg-FHa5fr_Lp04PMe7pxmPGLpXXy3FCIKxjg,62
Astrom,アザミ,vKJdl64IQ8XsSx3XPk3Dac_A53jrpRbELKFZqejfVPG44nDj2RwcCuHvcfpu8ebdAVjJBO1V57JkdA,362
Meow4You,nya,EMR77CdIQN5E8TubNu0rxoMJ05vjp8BTnUbzTmkuhxNLUomEp5ETi2gDGaiBG2RmuJvT-UUzFSVI_A,414
eternality,zed,V_acby6bEx7zoXs--rrwIOazj6Fic7FRMXPbnjEtC8blAlvrq2HJhoyENE0N6DhE9xNeWXvmEyor8A,799
SweetyHake,Bread,GqRk0x4PeI6MF1_i_8EoYVw-cq3_7MFHTeotRqz_gKRlPlqci8qQvN2cWuO5Hok2Bbu9l7fGsBRg1g,538
sapph1re,1437,87hgrwJbdFKgntRVx_ACX9Qy9e8t-czPaVM0mJ4L_zDFoyP898OIMwEPof4Rdv9XjdSk_NGvxfwogg,305
kürwą bóbr,lupa,6iG9beBdJLjiPrK4iYPuFcgN1sDbflZaCghhAY9ysfCMyWrTvydEOFOF2M_5BQ6m7Yh7lE2qrjh9_Q,528
rxacsa,RU1,OYTIBMEYtTgskDnVqGnldMBkuqrgYlkuXHuLgkUFjXm0zSzIHofVIF8yFl37JgxdiGAv20B75zpxLw,66
LinaStar,GG1,9S0mNyCG8da5XFzJeuemgLYRcGnQ0dAGEBTKJdYM1KTQHdrkofhB4z6TonEckCWZpXp5A8YAAGZqOw,1093
Вы6лядище,Menta,fKp7jNonExH6CTN9gqPMn2jpS7goBJrgeS7yaFgIh5gu6FI7zeqWPj0jZdXMo2tSUojjtNaAjJyjRg,71
AlinaБычийЦепень,RU1,7safqqZmt1ucECk9-AsfNb53nbTU0GZYAZnfCphbCraPRekt5hNf3TmeVe_68d5X-J65iIQBJPzJsw,367
Я лолька,cutie,xJVYNn5UVAFOPKKGl1lt_QGRvE6e0wSgw0-b4NhzQjDPQB4JZi9R_gJLzK8hVt-i4IzOSbm65BuV1A,526
МальчикКотик,19147,gaTWsB_108IksAfrQ9UNfjS3dBUdN0JAvJwo97Za7pi8jLGsXazEztZsUPniTdlEmz2dkK4gzNGidw,298
nefewe,RU1,zGrTdmiylT8WEvOgFpz9dYCgnAA1LSiRQ5aJc3MEcdSStDp-pgLWeJ_Xqn_bptHserFRlBEOzPXaHQ,267
Blessed Katarina,Elite,KPfemAkyJCXlxqTmNNbNkeRUHIMeLGd6QgQGHXurKMKYVeXQDDk-06gfsw2Nzp4-YT-eTVxFDsJqaQ,60
влад лига легенд,гений,k-zC1aqWXqjJD0-qp1N3wJrBdUbs7ab-_EI63qQuhpfVtBu1AEESuwBaDs3A749RuUl_fy9yy672qA,54
Michael Kaiser,NNSWG,KdVfAl4SDYgQOdxNhWaCAuNg1dKiXPMsN7VX0MO5b6kagTcaRaPSzeQv-pMXkW2faSt_2IAG_1OD4Q,93
Patronus1,RU1,QT1G04VZMlnK3vQuSzv6frYw140JEfXNxjkt_uKyE9qH4oehoKWSz-CrAuSe8SI7VCMfbJg04ud4aQ,478
Levacus,RU1,eQu-wwwiSbjK5QbX8BnpHk5SHoFT09-NDbYc-fmdS6foA7c19hvjUtahBDz0QCVEwKTd2DgqQyR_RA,388
Ломка психики,4747,wVg6GcVKyoBUDW4j-zr-STlJLFFsr_FS7RRXbbMhmD18vLKwzm7Y36TGgUV5rUfaaJ_O15I2THl3Xw,715
3xy12,RU1,coJWNkyGTID7upniUErpkyVheaqYAPAgCcXAXsvllYEZeTW5oUu-6eacPI_lieAZ9KQKLj_oZQfFMQ,255
FatLine,RU1,JyEAzeWHIJmzr4AgMf9gz5hRy7uuN_EuHx5baPfCtaZ8CCjLDR6GuKbivSIjTvtCSeKUgcHs4J98uw,320
хочу сдохнуть,RU1,DqOo8eSSlj5Ef6GhuMGiBMz_mvCJHC73gZPLKh8_rfSSDbTF92U0FfzDDgBlMc2lBnS5xQq8kHTRVw,578
ReduMMouse,GOIDA,k0Kq45nNBW9ajr1fyYBYO8pI_H1W7obWxnvLHfS_OgqpK9byChQ5oy6_OeDAvfLaYiSKWCONU20y1w,451
Ножки Гвен,Feet,upVLMRJi0AkXfZR_HlCQd2ZYDeyjUbN_O_IaXhhVTrZ5tEY6r2Y1MNVcOm0HoUAcwHq_mIJfpoqtog,1318
будь смелее,прошу,JORjMjyP1gOLo3rIRMW1QPsC7Jhm4svG_e-8fVxpYqhgt-2g3jUCvZxaaqqXJu4YERnpECkC3pTxZw,1022
Hekapu,RU1,_mr8Q2gBrcAS3Nwvr58wy7dVoS635IFRBNRmYdnIN9oUF_Qe8LO2_TynKwg2zVSYIJG2cum7LMGTnA,933
Taxei o Bayuo,RU1,wVqPWGXkDTXw2UyqICT3gV_kIOPjJT8Au6OGHbS__5x_-tDJv07MKeNrpgTP40G2XIJFdfd2LIwSJw,268
Svinsip,HRU,T2SYLhaandiLzMUg8HMi-deL-O6Ry4XzAVWhSjlxctk_heTCv6O4YFM9ui8plZOeXbqErdz0o3lwRQ,1624
Razmaznya,HNO3,RDQaavxSdkCq3_MuEo7ejwp4-9z7rMK_xoKnWV5Rbcf7Yi-W23A7i0bHNKcBDffdweKVPf9NFS9P3Q,624
terrorblade,crsd,_1s9iNHF3md882ghXjWcKv9hDwECnXubKVXksza_IEYY_6dJi5FYi7n7R8fV1YuY-K-aRQXr75hS9g,95
You are pathetic,VRK,H-B1cR-MD9KfLslOwozKj-PVGtHabdhieq0yCNzXZMBb1yuMjZmzjL62sJxDcDaXWCSqV8SYT2hbWg,758
eritta,RU1,9o-poh2EzapY2vwymJwMHMWiLcA5kHkxw-aQhB-C08JbzAWg-FQ7I9VQIs8-o075ROPdD0WXNFgn9Q,132
pawjob,rawrr,4yGSRSij345CNRCJw7eOgHXC6sGZMZSYLzIYN1cKfKDWWNrrNNf0Eo9-ZkRqWVdmDtxSHJfPACPZwQ,704
виконт тирамису,RU1,sPU9m5mm_4t-vrHn4HAyeo1wNXE4gBJPK5DNrVaipEm9wXYfVeQrA16lCY1OvDI4PK7e7iqOdVRtTw,139
213213,RU1,1OIeCYTF7nVkHnPiqN_8gl5L6F-S7yCmnyGSfGuYDoYuNAl7QgBrprnjGVXRu8FfKadx5il2pDBBFA,241
PlayerLev444,RU1,5eB6-PgVyzkBc8PxH0WjDga4jcIqwarj6ji_uwSBTrPgkK2IiOwUdJA6hW--IL5em3O41UHkoXHJKw,469
ZooMKo,666,wbCrLy6wLx21r-p3BtBtLaCHdDJ-vlLVqUwTAcMCjF7SGH3bFMM6JH8t-2K21H44QxxkyboZD7X37g,135
Papadox,stdr,X2kF9VyFJ53Y32sXCrG6Pc0j8kaAfJy08W9hy1hpe5DkqaNmoLabBRdwK-kwJzzg-iVo7bI87H19Sg,415
Teratoma,1470,wAiDI_5JALhleB8I4Cf49-kzs4v8yR-V3_E-cOTkUfCTeu29qn264_KYo4P560wuHdcW6uGvNF2aZQ,834
BOMBOCLAAAAAAAT,BOMBA,jWRKOxyRvs9rMAt65IjDMaKzBRcT9TOD24YnSQuXyX12bw_-7dbbuT1zpoREncU6prBZcp82buPbfQ,663
Nyshotytskazat,228,W1GiTWKUCbPdBwoxDaayFCTltqm48-M1QoBdtJO1S_Hd59rELpyoTsfXGkPXe7-imHJWDVwQivrzkA,512
JolGreengor,RU1,-KasDK2ZxHaSUso8axae6F3xhoXBDei6k_tcB2aSyrrHtP12DhU6tVkBaq8B3FRGKJLUlP9ZXx8xwA,484
Akrasia,403,CVQL34mNDWSA974Ps8EinztCUG9FwM50B91tOv28XgGwnBWcjc8wAhCH4EP5ZJIKtTTK93W7-pB8GQ,208
SОSU,SOSU,EJJw2k2pne8gktDPRqw38QrVSVMJqYh2nDrecTM84h8rcsQPkwjIQl8qy4nWZZXUztjshEhEyXSgjw,583
Wicked Game서예지,박신혜,soP4j-o5hLHDfmNxcF11BZKDZowStpeU3X3VMjoh85QLNtTXMY2OraXMvazVyhMZaPVTlvEnkSjK6Q,294
ss7venqzz,6699,LBt0FXy6XUlRi4vtnFctIq0oQYD-M8b9kVKDiWvQEfsys_W6UvjSgihkEALnw62Lz1CcopSLosF0yQ,379
Arise,iweia,RkTWGYQuK5X6ua5p0mGgwJUn-We8hmzMeOr_miey5--G2uoqlbZemAzU-c4MY9DHWpINgE_X1dvYcg,334
LMAO Цзэдун,China,5DrYNvXqkUTDpq-NaGM88u9Eg49A1h15MCD2awe0KiPebZgbDwUgzjb2zFGDA92E0tjaiiUcg11o-Q,550
LisaKee,RU1,aK1GNSo8wiIJbo0FRpBuWmd5dASheSDIvYtEEZ4so1EoWiHfKTLJX-C9Aa8hzlHuT8CUG-u4uP7lTg,662
romanticism,333,9xI46wI81hszdlD-cULahteM_WgfUJ5jMHcIfPXkvhhra79debGDWWQYt0jJ56AseNyJEILIug-x7g,765
Lex1L,RU1,QQvl8s4nkeSeiKH5_JPU7tCHPyKOMh5_5de8n6A4CC5nV7jgD9O1RrT1aIBbfPqSY16a1VFG2XCZow,185
Powerkumys,21KZ,FUOIdurgkYDUeZi0jX6Al_2a6u6e2s1a9g1Pf5f5HR2HdThK5oy64Flj0PCa1eJvUOXvJ0RC9bb63g,486
Dying Wish,666,0Ht5LTu3V63H6AkFq_GntjlUyEuhMyKb9-wPWyWgRZwzxKYwPxhEPP4Wb1t9MVSINXT8_TMcZBYZJw,635
야마다,0303,wyjBAKiHVwtm1FAfe4T7sCM753hoXPJAFYmAAeK4PwPx5W_UIMa9XdGuLswAOgq92TVH1CVTWxlVDA,127
satti,KZ1,OVIbg5goQ3FTg2y1xdP_p9fvyMl69OhwUJyPFRaAPm_x1vkT675P8v9opRwhmLDdhM5s3hlUarFFiQ,395
Yotuk,5662,oKXohfcvcEqZcZH3deBexCish1W-Gdu34Cqynth778nFL4M8RNXuGkAprro9EkCXKYWz-yUgJP7Z7w,535
Strikman7788,RU1,Di_Ba6USkhoATOohA0vml4lJr_h_urKtXmZsU4mUuNeEGvblc7UKNo_n89nXRE-zoib_KBvaWktKJg,507
Kviksteron,111,kavw9pdLOlmgnGsD6DKTJmKlDzJhlDazrrl_Dlyh9VJetq4tSi7KsOU4MJQM9mUOlLsHKYSBZ2xUWw,503
TaPoK555,RU1,h4zrBhc5OtlQ31P6O0Di7J72BjkfHzyewTBaPeKwx-4xYsrIdA8i6LaRliDaBeQ4_vdOotqp0x-L8Q,168
Mr Krolik,YANG,EHYdhEUAsusq6n_X8Kn1pzXF7ZGHFYaAUko80okb6B6hvYvDZhc5CSFqTjJtbGdIBSg3Ji72MU4w9g,452
BęłîålŘøśê,BLØSS,aaN21o5NOjmk6ejyBY58QME2ixop2kicnBVeoy5b5eM5pWRZ4_MhII3AjmkBd_F87v_g1Md7SwXjaQ,771
давампиздaMonkaS,RU1,hLjNJ3kUFnpofCCY8L651-bUDTUC-P_DP6VaQ5_RBrOqEdqW-Ulnqt0XPqenvqJfzBD3WWqYMZ8uZA,212
Я Лиза Ланус,2015,VDvO3yxOyfz2vxbbNS_0Bzq8egzwPdHQzN2meeaFJCkO_Zk6MOgtBWAgUUM8-jyRL3Z0M5ZSN3RMGQ,411
Natasha,RU1,NHtFi2TXEpYyXevh1ucvpcbQW3XEvCgN6lnhzNQ5lerbfmh3Z4UAMOyEH8tHMlv4sgk2RpSeDjktPA,210
escolaite,RU1,LHXabzDLgv9Fg1BPdd4l-s4a8_63u6Hrlb6tL8Wlb6d2CosTEFZrIqA3WfBJmbKVmRRXBHqYNA-7Vw,400
pеt,RU1,CVZ27Q5C0yD7RxqTkT4hUzhfNASWhQX2_xIbxAMZWgDfbhXiMjAOClKEwUI5M0MvMbgFcMspg3LwBA,187
Cold ªPáÆ Steel,RU1,E-nOx-X0cu8uP-bSRDswcf8OVH-QTkIpFxuy6HsqIj_cADHxhf9MPlZFPk1oSNmpA46EqYqeg9xuSg,344
The Unforgiven,1984,Swl1Xq43lzjpGGH0c1CMrwm3l0TNXSYw3P_QaWazLNvjBuATPvEvlOGR_XXGfckFPFmMuR6306VyfA,407
Ушки Тристаны,ГСФЮ,vn5QXkZbCAmIQFb_--tWvV9NNqZgpRsNuVMpzHeNPIUyY1B62NCPjCnq-hw0E6ZN5xT9NMh5ltBGAg,492
Никто,FDLF,XelKubS7k1wRSaYlPb-pDWuNHHivc_H7GfjN0Ynu4dHp-Pn14F_9pA4hElSEaDz4J9KeZyl5fuLHLQ,696
ßån,322,Fj10Tz08yDTyZO9_toH7e_pS1mJYx-W6BQYkEgLNwWy1RjNFbyDC8c4F4sG8L3fwNQDGD22VUsLfFw,719
kotemanul,meow,AP78WrJYuCOdyUmYdrv17Mb_Zuxh7FAHRT4ZA2ejDttrpmjeBps3jMeX2eNTOXpYsGSZR_uJrYPRtQ,246
TheHawk,PRO,0CPUz0kROL3Nb6Ug8F0Sh_cEZP_3awvY4xHS5OODQ5CkCgCE7uu9E1hvrZPZNRQxp1cIOh7AAQWnmA,1003
Kira,zed,v9h24WzikcVr6z7IhzlpPTaFTqmfF4_98byelcwJ3-K34OVm2-eHBBI-64S7q4kf0_egHf8F1XUZ4Q,700
Emperor de Void,Void,3J1JEOQDuIFeMZvBI3h2ndb9EJLEzStcVIXggDjeK6tOAXBhRE6j0WSI7CwLtZmkp-vzf0WoY8jZGw,907
Rookit,228,ECpG7V2w_6jDomyMM1whYNIZ4L9hfxpBmlhBnRcBDWvac_HxYD1VacVQcOZ_05adrE-Oo8dxGdpE6g,802
Craftt007,RU1,0YcBfoFkcXRA31NO0wcLxOf9_tJ8XpmebMoM2427fL8mqpVbZPq49J_9W0r5GAnRODO5aPyIxRwKFw,1443
твоя пандочка,venus,EG-9uq2-HBzIuazFMDiOIY0eeZRsuiTou8TM4nJqvLr1m0zl0Dq1iwVhd7HFdmULFPW6nd6KToZWKA,559
7789022,RU1,zOSDLXQLj5q55tlEF3uDWPzagb_96CUXPkooo7qc5XLd2B4weByAKBZp5jF2aK3fP4tKYU_x3Fpi-Q,113
ОВП KAYN PSY,БЛИЧ,a6Ld80-081f1hE6enBdKpLNj2IDSQv5-FmrDFsFEnIODzSSYi0RdPuGDB8quKa-tIOHbKpL1LfaH6g,792
refraction,2664,lAVY1lqHjk1zzgFtu8Pdab1kVf4vzEQ7dge9nGTkKGaauaHXT4lBCxdQcLWU6xNY6Ywkrytt3PMvvg,77
MëphïštŁørđ,MORDØ,4bPTivSb0eCUj_g-cCArdVHoK9Z41KY-NYL8Gt3oGQ30OjWFkMnpQFrnY4bQmsOoCd5TOIA_Qr4yEg,1508
ØRDER 1026,RU1,peL-QY4sNuNea9ASVDNRgFuCY5CsKYOlL4kKMLANDtXk37puX4OLDRjwRdq3X8BE2b47582YI41YWQ,926
GameSlover,RU1,9hrh0EiYNLjiVxfGzcgVlg1TrLUn_cFestA7SQubDFBiPU2TMBLywv9VIkwcK0n9pcRx9SP8rw_Ocg,224
НежныйСнежный,RU1,wh_l7fkL9v-RhkoVziQz8TqFCab8RQzIsNgVa31S2IlXu77MU0mV1Q3SZVqYQ2v8-J-kKUN0av1Wkw,343
ArtGoblin,RU1,W9XH34KOZ97OAVjV544tXJEeOysZ3irzJsKHMvyfg9WXI-MsMVAhnSMHIsRdacu2nnrD0yYK0hxeGA,475
Ice Belle,Ice,jjvfH6bN68bZZVQGbxaj7yUy0PwJspspwidbBFooSbMYP7sVXnqXsvaGs-ryd--2iVRNNUdzRjhxYw,767
THELEADER,228,CqC4mjXxiUn8ZRirb1OItm9AIhqoT4kFWGbdBfIPDFohvS-3wXxsd5psdDez8YryWm9BeBQcXJY0RA,725
Тот еще Олег,who,MKaelTMam-19iGz7GYRymbmumzKEzD8x90UFJgiWOVeRBmyi4LkxgGSM9uinm4KnS2g17xIHqI-yjw,843
Солевaя,effa,9zfrv4jf5fgN6f1HdOX2eTmosHKrRtce7QL4Xj4ljgHugjOTfwcpsbU46McXbmSZXTAbM22FpDRQiQ,886
Kalevala,Suomi,KjnseGrcBUnGAArYDumpAZ5c1YTGmtuv2l7AQDhZG74yNgbfn22K45Me_1nTQfBWPUgF277p-aYVUw,664
Inpie,LOH,k0ENmS53sK5_pSoLjecc_YmwsYAqwCguOyJ76erqdUeQTDWKA8PDmvpqlriL0hxgBNUcermOBv_J_Q,907
FoxDrob,RU1,ANSxDHaopQrKOSXti45dt451KG6P0vE05yYMFR9exaO8pRzNzOjiU4409e-k4FHAJiDp9Wde-IiENQ,309
Acelotick,RU1,7ulF0IHuR4VgJa2qYjMpnxKC9tgnnXygtHqiSP46U6UFDgxOiLl3fMEzuFUtux2rgb1FPtVCD7SV3w,429
Trickaz,Dango,1BMIt9jIAA8aXmshuA-BvRaBSLIv5HYn_sA5Vc-I8reNU2BPqQ9kwYGAWr-tkJwsldr9rKmPD8bNFg,892
MrPluseJunior,Clone,GsfwOjxDor9676wjzb1yY7MjKC3ItvZTrSL1QFC0SgBWSVgEgVkbHq-T0or2YUUDzr4wUzRtXR6H_Q,173
Oncidium,UwU,MrXe0pwtHsirXqjnBGKTyy3Y0lk47OagxtmHt-zpyUfWTax6tB7X03TPNS8FOvxAXDpy5WR36w2bHg,1140
BakemonoArs,Bake,fIJiTE0Y8yFWbPOkLzia7463IgHeIiUGSnr4WG0KphDPPCiqQUfHviZj1mKDi8D3yg-LIkjcQqUz1Q,468
депрессия,тильт,Xx-a6gfR-CSDzB7bub_ta75cXJo0wPcEUawXhtUVl__EAbVggZP1QybgTKFLOQPbL_d-TlY-_7Lwnw,1307
Лаймик,Aser,jJOKclvnVKFGk6mgefaExoIJCpofGd75mLJdxrWrANoFFnnr1RyPm0QiCWT4Q9RLCihePNrQlhne7g,759
Черкаш Фейкера,GGEZ,SuYqDftw-K2Iiz7D-aOoGv-yYx6oIA4LE1fZGq4h0o25mKbFRthc9kS6YmzcveJLv6rKmQ3wJK0fnA,692
XeXe,RU1,MvsO9jT8R9rXDVptYtocJWcRlwjBbykru2w9MyWq_AnnuIkFXwqO1qbvGf8CChN4LUuWvECfP9n_iw,455
yuuiks,yuu33,rWZQ8bQj2ZRVxDJhUjX2qbxByk8hUxWbqKRbKI-zvc6j2TfD0mXsxyB00F4NljB5e7dywfl6aA0eVQ,936
Gehin,RU1,e5_zlru1fLSg-jXc8uoErpyriNMkNTjGAhC852oMPgiPhZB8qsVDAyW1A9gvdA313E3D4uNm8AJSWQ,570
I am CrazyRabbit,RU1,JUKLcEobHBJGUcNjtJHwTf3YUpN5VJOo4-Pgk0RFjsp7F7L2iEYxQT5hL3nfylIP20C7c8-nplsFdg,692
SOLO KERY,RU1,l7_t7Hk-1btCGIm2HL1n9sfG-WOThzmbRZGBZsnr7QzTsquJ_3dInI2xKaGxgv0gPu9rM5ezWgE-jg,889
Чумовая крыса 18,RU1,YYPGgJSA6BxiPgbBtlDpqm0V0Ge4asXxUAgjvlK8m_XVfRzxIkAfkVkdMNx4mW8QswFxOYcxAocwyQ,496
ADCenjoyer,KRP,NpNFb1hyYdAIjz-cfM0R-Yp9q9QSQeGvlkYE_CeOUW8Yzx3gWNxVoKTBu9wh7yLPI3hyb3Z2YbI5Yg,332
Thе Witcher,Rivia,jD9lv8pAic0AVw8k_a1O7Tnqilva22oHZ0iY4Aa6DX7o40hhWsYasbQkTpCASfIYL3WN4fqngTdDBg,893
viebubesplatno,UwU,qNzKEWy9WpJWNo1KJZ5lnP4YINFOStcMRA4XGYjRWm8yJKFwxZgy5kyKKCbpYS9pEoiq1qr2YMNj5g,364
Slоwpokе,RU1,DlFaA4TTppq0Thuf3Yppf2ayUCg8GBBHZ1GnPktudOZjk2Kb7rZPuAIBDNOfU6b8YXois1sIb-_n8g,763
SkyisOver,Flip,6Bwvw2sGvWm_Iz0aBtBPGEREk_Jq0eW9hFJKwDeNCtnpcHfrDcH8uCC7_GHQToJcOCxrH536GHh9iw,168
МАЛИМАБИН,ГОЙДА,23rA_pkhMpecMmmMJnViYN1PyoAO5BS5poHUt7nr_Y2OjobxOGYZay2cE_92Xft8bNWy9r8jsNNwfQ,386
RаveInTheGrave,RU1,g_CmIkD0LJouGJdDF_OuUPJPTWZiaIY3fVV0rtQ30q_xA_8pmB7xAFCo13wOfkSqGk90P_gejAo4aw,689
Fox Ripper,RU1,pDIfM0YT6B0rZqFaiCJvf5oASh4LMW6QDJ7vp0RZu6PQBfp30Ckn5uN6WnIlRIQD_XW2M8Wj8xAyKQ,109
Retired Lizard,Flow,q7YPw67aIo8dc38GlnT8BciTyV78Pb7oKooXFz4wGhqBJAMqzCWXnsjcOb3PA--V1MHQPxzQduTqcg,469
Zabodashka,R2026,mMwnjLZRYkVg2P-eadNKJ6ZQwQfcOSUtyCPXV6YKF2W-ycS2SWuATOyIlX2enNsGNtC8HiR5UzRxOw,796
Kyсь,RU1,d8R8t4dg5SWwlwj05_qEKfDTLTnvxTRgXGXIAOhR9d9wHokcQEZWAGJxsHL0mKDDmNnRcwqYTSdBBQ,603
Fenrir,sho,G_ffNwjXAngXnfAv3XaNisYaD6JpFmhmqru32O5eyDJdBtWu91fUYrVSOblTmKbKLZ9KexKZj8tgcQ,357
xXPafnyti4Xx,RU1,DF75EoPI9onypeLgU5yHOnIj7tDnt3xAe0KwaDRg1SMMaud8xYOkY1rSlP9Jmv0am6vn7fJXeZBgvA,496
Deathstroke,2709,SkHS2ONMoR20kpYkw_-q89ym8U5kgRRd82iYXxWqrE7Da0k7Og9DL0TMFOgGE9LDUAcXaOZNwK44vQ,1088
Граф КогМаф,RU1,0VTB9mWjapD-KYBE4UkbQlrYaBp2bUzve3U7uVVypq2f_LLq-1JciTZWVGdkr7UIqJG47k0u8BJj2w,538
lhavenoтbeenxd,RU1,EI6fYPwH3xCNezoe4koU8gV9kDHKtdb4snuLXNzvz9iyO2v27pvkLk0Iy4mbdcsW_zs7RoNYuqLlhw,134
ATC Sky Walter,RU1,ZlgGtMcOHyVCSdvbrSKM9_qvwF0rcOhoPXeY-xildRt8oZSbccLUeMtHslNkjSORmNtHpLKn7vnX3w,218
