,gameName,tagLine
0,ДЕПНУЛ РУ СЕРВЕР,IC3
1,VаnguardSpyWare,SCRPT
2,EUW IA FINITA,RU1
3,Melover,TILT
4,weixiao,RU1
5,гармония,ssshh
6,СестричкаХаттона,бака
7,Tenshî,02792
8,Lvivskii Borsch,UKR
9,MrPluse,memes
10,ya uebiwe,iwnl
11,Hades1,TOP1
12,Ragnorek,RU1
13,Gottor,Pavel
14,c6b5ed,sadge
15,恐怖中国人,520
16,не сойти с ума,прошу
17,СВЕКЛОВИЧНЫЙ ЖОМ,ЖОМ
18,CD4,CD4
19,paranoidcute,0001
20,,
21,МОНАШКА,DEVIL
22,Soullessave,RU1
23,eби мeня мaлыш,ˆsехˆ
24,яНеКурю Я Кирилл,RU1
25,RIVENUSHKA,KYXS
26,Ready To Die,RU1
27,GANIBAL lektor,WWWWW
28,Titmoc,2004
29,Вечно Молодой,Top
30,тильтозаврик,sda
31,BMPX,RSO
32,Alisa Powder,Alica
33,Tryndra12,Samsa
34,Ultraslabyi,slab
35,машинка,qbee
36,Márch,RU1
37,xvxuauaie,3003
38,Arwen Undómiel,RU1
39,TRAXATb KITTY,777
40,eternal drama,666
41,я тренируюсь,6724
42,Bunk0po0bashke,RU1
43,2pizza ПесДаЛис,RU1
44,kaiyava,fate
45,pisun yasuo,CHLEN
46,Ghoul,RU1
47,Agni Kai,forge
48,Талант,777
49,LokBast,RU1
50,Bladee saved me,RU1
51,Fallen king,RU1
52,dropbouf,0000
53,No Fun Allowed,RU1
54,Fonce,ZZZ
55,мактрахep69,жопаа
56,Weak Mentality,1705
57,666,rwya
58,カミーユ,サンライズ
59,Mental Terrørist,ZXC
60,Kendrick Lenar,RU1
61,RUservˇsParamour,yours
62,VIENNESE WALTZ,RU1
63,Khaslana,fate
64,Ungoliant,kisa
65,BABY S T A R,RU1
66,SchrodyCat,meow
67,fw1qiogasfa,sssss
68,a wind rhythm,lost
69,MrTеa,Tea
70,Fiskar,ισημε
71,mercy me pls,RU1
72,Azakana,妖怪ヨネ
73,Blake Rose,Roses
74,мятная sоsаlо4ка,2013
75,NEFELIBATA,SOON
76,люблю Марину,KITTY
77,Frozen,GOGO
78,マシュマロ,00000
79,L9 Dr Livesey,1337
80,avilkunisachamp,9115
81,Бардилочка,мур
82,Девка без руки,jggap
83,Lost in yóu,RU1
84,śaekkòretsù,枝狭技
85,амеленок,емеля
86,CocoonLicker,Frank
87,M O S E Y,RU1
88,лабуба,няша
89,тeрпила,RU1
90,Shy Fawn,Eeeep
91,Mr WaiTer,RU1
92,Pizdec,huevo
93,СестричкаХаттона,ббака
94,Психбольной,3330
95,игра для бомжей,sosi
96,pixel affection,RU1
97,Eternal flame,TRY
98,Ha Yuri Zahard,RU1
99,DeddyВалера,bambi
100,UBU,ULTRA
102,FaceLess,404
103,LEAGUE GOVNA,RU1
104,paranoidkid,0001
105,AiratR,SKIBD
106,БДСМ няшка,qsqs
107,StalloneItaliano,1998
108,лесной поросёнок,RU1
109,hopeless kid,llll
110,липтося,чай
111,eshkere,skrsk
112,Droll Loony,RU1
113,Mental Athlete,6666
114,twtv satanishka6,TOP1
115,СКРИПТ ПРОВЕРКА,HLOYA
116,icy,vеins
117,Сетт Брандо,Сетт
118,AnhQuanPiano,RU1
119,SanekNvrsk,RU1
120,убийца тигрррр,RU1
121,Loone,66666
122,,
123,MrNist,moc
124,Yаgаmi Light,RU1
125,F1гst,RU1
126,бейби любит дурь,000
127,A S E K K I,SWAG
128,S U N D E R,myrk
129,timmy turner,RU1
130,blessed angel,369
131,I Вел Резаж I,Void
132,не расслаблйся,amir1
133,Heaven,HuTao
134,SojiaBoy,RU1
135,Rainy,0025
136,Horny Rãkãn,woof
137,GIGACHAD SINGED,RU1
138,Quksa,5252
139,MMM16,RU1
140,SuperPowerBitсh,XXX
141,Можно я с тобой,Стой
142,L8 Şpêlløv,ŁÖVÊŞ
143,foot slаve,dom
144,но я люблю тебя,очень
145,SexyGoose,RU1
146,PISYAPOPA,HARD
147,OboyaShka,3939
148,Ziro,UA1
149,Misery,Broke
150,Shion,JBA
151,СвященныйТаПоЧеК,RU1
152,RelaXX,TUGA
153,Подземный Житель,DEEP
154,killu2day,Low9
155,DANNY CHAN,GAY
156,GriNH,RU1
157,Miulchi,04041
158,Satella,十 十
159,Дымовой,Тяга
160,PartyPat,5027
161,LP hungry woman,Ego
162,SECH,9804
163,popa4ka,0001
164,Корейский Водила,SPB
165,ручка эриккраузе,ZZZ
166,我去你家能触发孤立无援,我是石头王
167,пусто,RU1
168,Метрополитен,borov
169,ALUA777,777
170,Sergei Dragunov,back
171,Ссссууукккаааааа,пшгпг
172,Фиорочка,RU1
173,serpents,DGAF
174,angel overdose,kawai
175,yoku,raifu
176,Опытный Образец,ахаха
177,Tpaxни мeня Aзиp,Azir
178,tyanka1337,GG228
179,priyatnogopoleta,slay
180,Ля Писюн,Фох
181,Zhvoaleir,RU1
182,тварьс,RU1
183,Imfir,RU1
184,eбy этy мaлышку,ˆsехˆ
185,ImJustBad,feed
186,BloodsLee,5255
187,Akeno,40125
188,Rayden,RU1
189,kyberkotleta,four
190,Zenkir,ZMF
191,Le0nid,RU1
192,ЛИТВИН,БРАТ2
193,ｍａｓｔｅｒｃａｒｄ,diedﾂ
194,QWaRVs,0613
195,Чай,TAH9I
196,Петр Андреевич,TILT
197,спермаглотик123,ILE
198,marte,RU1
199,0похвал,аауу
200,Aarrbbuuzikc,145
201,Неопалимая чаем ,RU1
202,esdeath,18Feb
204,Akiru,RU1
205,VEL0UR,001
206,АРТЁМ СПЕРМАБАНК,fanat
207,tvsqmef,RU1
208,Pink Paw,Myaww
209,Sadfals,77777
210,бигел,〆〆〆
211,thienlao,对你着迷
212,Moscowski,RU1
213,S R A K A,SRK
214,Dimka2507,2507
215,ligas fan girl,fan
216,Tombar,CBO
217,STEP,KST
218,II YüNä II,YüNä
219,KokoHekmatyar,RU1
220,The Jhinest,4444
221,Да я слабейший,игрок
222,HAHAHAHAHAHAHAXD,777
223,Nexbiek,RU1
224,,
225,回忆稀释脆弱,孤独是种药
226,DodgeMast3r,kilms
227,13year old girl,wrdn
228,Король Леса,Mr1
229,Конфета,Candy
230,Арчи puk,RU1
231,女子高生の恋人,穴穴穴
232,XDXDXDXDXDXDXDXD,NPC
233,Minimih,RU1
234,Fushi,RU1
235,Вэш Ураган,3GUN
236,Nanab1,RU1
237,scissors in head,RU1
238,FallenShadow,owo
239,Goshanya,RU1
240,Shiyouganai,Sorry
241,ЛАПОЧКА ХАПОЧКА,MEOW
242,Savage BronyBoy,GLHF
243,wakeuptoreality,ttwlg
244,TURBODEBOOST,9L9
245,Jedi,0666
246,lolborderL9chall,okey
247,Tokene,prime
248,daewоo nexia,1907
249,Øne,Yone
250,antisocial moth,bzzzz
251,emphy luv,ayori
252,Esssllllllllllll,sil
253,Ákâhírø,Charm
254,ЖЕКА НАФНАФ,PIG2
255,interisto,ace
256,errorrLV,LV1
257,Jhinsane 진,KHADA
258,Dishonorabłe,RU1
259,DesperateCaitlyn,McRae
260,дoтер2,RU1
261,Midiblack,RU1
262,чмобик,нуя
263,enjoying life,fun
264,umd,RU1
265,mitrie,str
266,Forikon,RU1
267,mеteоr,space
268,Red,TQBG
269,FoxsTail,RU1
270,Кабриолетчик,BMW
271,ESPORTS READY,0000
272,толстый негр,Huso
273,в потоке,2727
274,LADY BAG,ПИВКО
275,XDCARRY MACHINE,RU2
276,SMURF KONDEECK,RU1
277,nostalgia,s10
278,自尊心,Yik
279,Паша Бог Cекca,RU1
280,宇宙世界服务器最佳玩家,Qiuyi
281,Lawosstone,RU1
282,Drunk Gissa,777
283,BroDante,RU1
284,Mentalist,001
285,MyChickBad,RU1
286,посудомойкаEBosh,кухня
287,GOATZILLA,GOD
288,Smalx,1055
289,sadfairy,bimbo
290,tvаrь e6aнаyа,tvаrь
291,Chart21,Qmiss
292,Resurrection,8431
293,Zesture,MYA
294,antihype774,RU7
295,Топгап,7959
296,get candy,сncr
297,孤独の中の幸福,ALON3
298,喻文波,HAPPY
299,ОлегТвоейМечты,9634
300,SIGILKORE,684
301,chetoxs,kek
302,Грустный Швепс,HUEX
303,Cinema Server,stomp
304,BUBL,RU1
306,bimmi,143
307,Gleipnir,TwTv
308,Sebeh,RU1
309,한국인,RU001
310,Cønstellåtiön,UA1
311,СringeMaker,RU1
312,Pilov,Ru69
313,mоmmy,meow
314,алексей ельков,gold4
315,Volkswagen Polo,RU1
316,Reiter,RU1
317,Novich0ck,RU1
318,eexa,RU1
319,Jackstern,RU1
320,getrowalle,RU1
321,Бизнес на Вардах,RU1
322,Гляделкинс,дозор
323,Лалалагаю,slay
324,Джек Подрочитель,00001
325,GGTOPFF15,5065
326,,
327,HERmit LAMP,4000K
328,i know im sexy,стиль
329,Казукон,RU1
330,carry4uwu,jgdif
331,Буданов,ГУР
332,Кидок,RU1
333,Eduadan,RU1
334,CoveredBySuccess,JgDif
335,Rezzerhard,RU1
336,DrFlamIХ,4444
337,fan1 ТРУПОЕДКИ,TRUP
338,Odori,nvm
339,Gayka63,RU1
340,moodqk,1337
341,ZETKING,RU1
342,lincoro222,RU1
343,10Py6JIeu,balls
344,NemoJ,nemo
345,Flashback,ame
346,bad sad and mad,dog
347,DekinaiY,RU1
348,ТРУПОЕДКА,TRUP
349,أريد أن أقتلكم ج,سلوتي
350,Lana Del Rey,RU1
351,urpok,7097
352,Solar,glow
353,Alinus,RU1
354,PlayUp,Окак
355,KapitanKakao,RU1
356,lapochka,46375
357,iPad kid,фрик
358,xizanax,NoFun
359,Императрица,asda2
360,Flice,RU1
361,Soulless Chara,RU1
362,Winterblessed,life
363,Рудэус Болотный,JgDif
364,1Burst,112
365,MindControl,ggez
366,Joе Biden,USA
367,Dinni,5057
368,Geomond,RU1
369,я в прайме,WWW
370,el шмель,meow
371,Fisik,Kisik
372,Gfexs,RU1
373,risuyu krovyu,axe
374,ВесЪ,top1
375,СавелийЖарский,GAY
376,кокаколик,добри
377,Horny Xãyãh,meow
378,zatfix,ebka
379,Солист,YoMi
380,PиккиTиккиТави,24ru
381,zxcмухобойка,123
382,Грибной Кошмар,shrm
383,Тисли,RU1
384,ゲイボール,0304
385,honor my janna,loveU
386,Iskatel,gold
387,Kiris DarHraku,RU1
388,Vanspeur8,RU1
389,Zeppeli,Zzzzz
390,999Souls,DE1
391,ATARAXIA,4767
392,DNOOOOOOO36,DNOOO
393,протез жёпы,RU1
394,УРА МЯСО,ROT
395,Dragnil,RU1
396,придушу отшлепаю,Москв
397,Come2Pudge,RU1
398,yata,ру1
399,Gryphon,715
400,Anaid Moon,RU1
401,ya nuliax,null
402,Elkoonn,RU1
403,nobody,ru2
404,yourtears1889,RU1
405,Enоt1k,RU1
406,ぷぷぷ,001
408,Glasies,RU1
409,LaYz1E,RU1
410,полумягкий,RU1
411,Avoid,ghost
412,ЗлаяПе4енюшка,RU1
413,Вино,LUX
414,Акитсон,RU1
415,залупу поцарапал,кот
416,Завтра выспимся,RU1
417,Glоrp,ABOBA
418,ELITE 500KG,L9KID
419,Синяя черепица,RU1
420,Дикпиковый самец,ням
421,Ertiqop,RU1
422,pashameow,p4sh
423,대안의 창조자,우주가장
424,Гори ярче звёзд,999
425,Soüdja,RU1
426,Argon,solo
427,Glоw,RU1
428,,
429,SeikatsuGeijutsu,1792V
430,Свинка Бисмиллях,чурк
431,пoxyи на бабки,какже
432,SSiless,5344
433,Xayah,2727
434,outroamed,bard
435,Я и моя shiza,RU12
436,ZdarovaRoflan,RU1
437,Diglipuf,RU1
438,KALOEDGOVNOJUI,MOCHA
439,OvitaminO,RU1
440,Skovy,RU1
441,Friedrich,ru2
442,Elizaveta Mets,Danya
443,sudzume,chan
444,божья кара,сзади
445,Draconis,RU1
446,Fukurou,sun
447,femboy dominance,kr24
448,monyak,bless
449,HEHEHEHEHEHEHEXD,777
450,Dante,Igor
451,party pooper,spark
452,tangerine lover,rawr
453,Spec123,RU1
454,UwUkai,228
455,FishBLR,MVP
456,tired of life,1337
457,Curse of Moon,loveu
458,Savage Zaci Chan,JDiff
459,RoflanGachiBass,RU1
460,L8 Ферзь,369
461,Lucker in game,Luck
462,X9 Ðêbrøñêê LP,SoloQ
463,egirl supp uwu,lfboy
464,XVIII,CLOWN
465,Toxic,Hоrny
466,PONPONPONPON,SOSAL
467,TwiLiteSparkl,RU1
468,AFINA,SOUL
469,чуррос83,htrjl
470,Marikl,SICK
471,ЗАГРУЗКА,1356
472,Kreys,RU1
473,bird supremacy,RU1
474,flash parry,RU1
475,Weakside Refugee,EUW69
476,Bangert,RU2
477,mondrosé,mur
478,Holy Blade,RU1
479,Фатальная Ошибка,19941
480,forgetful,RU1
481,Warf Divine,RU1
482,DontPlayPlease,noone
483,она выбрала его,dura
484,leetae,letae
485,Опытный абузер,лолей
486,Nuclear winter,xxx
487,Папочка смолдера,Осёл
488,Hoodlex,lizal
489,Vladimir Dorana,RU1
490,小语爱豆,5367
491,Ебу Юми,жоска
492,Slim Shаdy,Real
493,forgiveness,nope
494,Dragglur,1345
495,NooBaS6666,RU1
496,Mara,CZtop
497,im number 1,RU1
498,ellkii世界一,ilpsm
499,Kashtanova,K6Y9S
500,Ягами Лaйт,RU1
501,Таймстоп арбузеp,glide
502,когусик соло,соло
503,mentally ill,cuts
504,metastases,0001
505,NotForecs1,RU1
506,Global,8000
507,catharsis,4443
508,noface,xxx
510,Satemi,San
511,like ur arms,6969
512,Siúil a Rúin,RU1
513,Очкообраз,SRP
514,Old Alpaca,RU1
515,NordZool,111
516,Influence,ffpls
517,k十十十y十十十s,242
518,dgoni,6842
519,ОЛЕЖА ЗЕФИРКА,UWU
520,LoIi In My Heart,000
521,kyousuke lover,9892
522,ASH Enrages,Ghost
523,Right Twins Star,RU1
524,Святой LoveМилф,kz1
525,Sunrise,Tokyo
526,kappaChungusSW4G,OPPS
527,Lán Zhàn,爱兔子
528,stepan,022
529,Depressed Barbie,UwU
530,,
531,Shaco Fresco,RU1
532,نوكيا الرسائل ال,3310
533,Lícóriś,5380
534,klonlolo,RU1
535,legendazadrotov,RU1
536,ErrorAdcNotFound,RU1
537,кисаmurmur,RU1
538,Пажилой Жмыхычь,RU1
539,dibtem,RU1
540,bląmed ångel,ίhy
541,Плита,7933
542,Phantasm,TWTV
543,AMG Petronas F1,63Ra
544,g 43 a F a 3 JH,YEP
545,사랑 은 금지 되어 있다,adgap
546,Tenkali,RU1
547,ºNéxT FøR My ÀxE,RU1
548,БОМБОПЛАААААААНК,RICH
549,LordSuteo,хрыч
550,dear2pac,rain
551,Мухa,穆哈肯嫩
552,уважаемый,мид
553,KITSUNE,may
554,глеб лес керриии,LTAKE
555,SleckDash,ksyak
556,ПапаДен,GRULY
557,赖小七,521
558,Chako my life,Shako
559,Vultazar05,8407
560,ok nerf qiyana,333
561,mosyazavr,Ррррр
562,сомфи,RU1
563,Schröd1nger,5002
564,Crimson Abyss,148
565,Хъючь,wsup
566,Cogito,virus
567,ТвоёСпасение,rus
568,Fox,Admin
569,kense,шавел
570,КРИСТИНА ЯЙЦЕЛОМ,DETEY
571,Дон Шрейдер,GRB
572,Positive Player,RU1
573,Hananeru,IVV
574,undeadangelkk,okk
575,поз 2 демон,L9KID
576,IDØŃTWÅNNABÊWÌTH,YØÙ
577,waste of love,111
578,6635,00000
579,Ashaf,アシャフ
580,нулевой НДС,6976
581,хватит ругаться,DRAIN
582,свага имеeца,space
583,ヨルハ二号B型,yse
584,выebal кaстрюлю,сигма
585,Razzagale,RU1
586,corpse collector,ghoul
587,ａｘｅｓｔａｓｙ,صندوق
588,Sloty,sad
589,sleep experiment,kgb
590,Elyzia,RU1
591,Alaska,RU1
592,Cr1nge P1GForm,PIG
593,xxDarkNet,RU1
594,Граймлегенда,срал
595,facElEss,EnvY
596,Meow4Me,ZeD
597,Ice Prince,Icee
598,VoinG,RU1
599,neverdepagain,777
600,ТИМОХА БЕНЗОПИЛА,OWO
601,тэймуджин,RU1
602,OstwinD,RU1
603,sidestepRight,ADR
604,PagChump,RU1
605,борщек,RU1
606,Incredible Gassy,FART
607,Горецс,RU1
608,Catuseless,Cats
609,Gnida,00004
610,Beast,gen
612,Художник Австрии,1939
613,Последний герой,faker
614,Уздечка деда1488,SWAGA
615,noobchiks,RU1
616,Aqua,TRG
617,shisuimode,noir0
618,The Ruined Kaito,Kaito
619,muradikfast,ILEW
620,Euvl,5959
621,Xer4tk,Xer4t
622,Pinokew,RU1
623,Litya,litya
624,Jorji 6,RU1
625,Tomorrows,5455
626,internet shluxa,RU1
627,Холодная Окрошка,4444
628,РыгальняДьявола,beeee
629,我是头猪,DCP
630,srvnlni,шавел
631,morphine,xdxd
632,,
633,isterika,xru
634,ЗовиМеняГосподин,RU1
635,Войтов,000
636,Дырявый стрелок,8628
637,Waverly,Sky
638,NICKolai,RU1
639,Lunchoma,2434
640,Sarmenty,Актер
641,L W,003
642,eкатерина чайка,другс
643,barbalion2345678,RU1
644,Oleg Insec,демон
645,Egoism,love
646,Iøveísøvèrrãtèd,łvmé
647,86 FULLCLEARS,mew
648,Loving Death,blbl
649,Way of Undead,UDKT
650,Akeypes,JinxD
651,Asa,Sense
652,Бидоны Нимиры,BIG
653,MazdaSpeed,777
654,Hовороссийск,323
655,Haru,RU666
656,Максюша Маленьки,Vie
657,HornyDaddy32Rus,UwU
658,Sakurajima Mai,OVO
659,ITZY Aynes,tr1kr
660,Morarne,RU1
661,lorrainetheart,RU1
662,aoe neboe siode,ahye
663,ConcenTraTion,RU1
664,WETER,RU1
665,yPaltusov,buttr
666,Chiffa,ZXC
667,eclipse,kisik
668,кaкавоз,RU1
669,crystal love,ADC
670,artypro,RU1
671,hellenDFL,RU1
672,Manaskа,RU1
673,Los Duckos,Sand
674,Сучка Сапортик,002
675,Hi i am ur Elo,RU1
676,Bonmen,RU1
677,BYb1Ka,8526
678,чешу пилотку,вши
679,2olk,sigma
680,T1 Daniel,Deptr
681,маковый цветочек,UWU
682,Mmira,chan
683,Screenen,3745
684,МАКАН,БРАТ1
685,Dęмøn26,RU1
686,søyerpipas,ESP
687,varmig,фижу
688,Мрачный Лорд,Mage
689,Mikka,Meow
690,Byxlick,RU1
691,PinkLake,RU1
692,oтчим ТРУПОЕДКИ,TRUP
693,How Lovely,Kon
694,Крoкодилдo,RU1
695,Zedsu,Dag
696,godCierra1,RU1
697,LoveMeme,Diff
698,Vesterd,STOIC
699,Za goVno,RU1
700,MIA Llirik,RU26
701,killmekatarina,scary
702,Psychic Lover,Psych
703,АНТОН ПУССИДОН,kotik
704,Charlemagne,Karlo
705,Karui,KZ1
706,Mirai 19011,RU1
707,shironoir,PMA
708,Его няшка умерла,Killa
709,Сургутский Faker,RU1
710,SigmаВоу,PABLO
711,Sućk my Blood,999
712,lil чмоня,яков
714,виски с молоком,белым
715,hi Guma,RU1
716,Безмозглый Ларри,gyn
717,Comatose Patient,69XD
718,olly oxen free,pon
719,CaptainMexican,RU1
720,Wise Holo,RU1
721,РУИНЮ ВРАГАМ,АПНОЭ
722,Xot,ХOT
723,BLAGFOX321,RU1
724,ПапочкаХаттона,сама
725,Сяки Ахyяки,miray
726,SMArtOrc,RU1
727,CrazyPower,RU1
728,Aphelios to r1,RU1
729,Йонебояши,RU1
730,Equiii,RU1
731,ΣŁØ ťeřřoŘIŹΘV,błêsş
732,Господин Милашка,Чпок
733,EmptyFo,RU1
734,,
735,Voroshilov,RU1
736,evilbeelzebub,GGWP
737,MeanPeter,RU1
738,Floraderm,RU1
739,Olenjer TePy,RU1
740,Dasti,RU1
741,ULTRA HARAM,RU1
742,ÅlêxAfonin,R888
743,Star Lynx,FF15
744,highlight БАТЯ,ПИВО
745,Fauthiedali,RU1
746,i hate,yoou
747,Let Poro Go Mid,Poro
748,Кто тут БОСС,RU1
749,NoHope,NoFun
750,Muse Agverd,hubby
751,ArtJake,korea
752,Undergroundmode,RU1
753,Kakao,001
754,Пацюк,mqq
755,Храм Разврата,ff15
756,Temporary Sherif,cait
757,xxDarkNet,twtv
758,Doupe,RU1
759,OpenTech,vol3
760,LIL DAWGIE,RSO
761,Rell Canwell,phd
762,她眼中的美丽将永远留在我心中,甜蜜的回忆
763,медводка,RU1
764,черная очередь,компы
765,TelkoLOVE,UwU
766,Bernkaster,Witch
767,bronyaw,МЯУ
768,BLООD,9999
769,Vonblin,RU1
770,Runtonin,RU1
771,Numb,TTS
772,ksvrostov,RU1
773,Демон Сиджед,brrrR
774,Sexmylol,RU1
775,Мальбонте,Malum
776,Rejuveni,SSSSS
777,ShoGunn,RU1
778,StixatvoretsZ,ADdif
779,Demiron,RU1
780,Шашлык,пури
781,Добрый и Круглый,3743
782,САНЯ КУVALDA,TARIC
783,Dieux,달 쥐
784,4udoKvasik o0,RU1
785,ТолькоНеДихлофос,BBNB
786,永遠の孤独,消え入る
787,Dainer,LSI
788,Yimetra,koala
789,Detritiy,RU1
790,WOMAN RESPECTER,RU1
791,benladen7777,777
792,i miss u but bye,IMYBB
793,Трусики Брайер,XDD
794,ТанкНеДорогоПиши,RU1
795,НастяTokyoGhoul,RU1
796,Kirosani,RU1
797,DRAW HYDRA,1337
798,nagibatorzxc1337,1337
799,Fourth of July,CHALL
800,IYX,XYI
801,ПельменьМечты,eбой
802,gromovergez,kill
803,permábans egîrl,UwUL
804,172021287,172
805,PowerOfNoxus,NOXUS
806,Krager,GEP25
807,henry,52034
808,Jolmanayeo,valds
809,pokazi pisy pls,lmao
810,valducci,LIANA
811,GERMAN INVADER,000
812,Страшно,очень
813,angel overdоse,slvty
814,NAĆPANY THC,TRIP
816,Sai,LOT2
817,NikzviarEuw,Nikzv
818,alone forever,ily
819,Privjet v2,R2R
820,The Atrocity,666
821,ВЫВСЕЧЕРВИ,WORMS
822,Wèi Wúxiàn,夷陵 老祖
823,Кристина,00000
824,de4dk1ss,bl33d
825,пиздaни меня,молю
826,килингсспри,RU1
827,Храм Раскумара,Рusу
828,Behind Vels Eyes,EYE
829,Duh WOOF Maker,RSO
830,我喜欢做梦ーSweden,UwU
831,611473,TRASH
832,Playboi Carti,ADC
833,депрессия,Jesus
834,74 Nicki,00740
835,Dowahkiin,RU1
836,,
837,she says im sexy,хант
838,S W A G A,PIS
839,TraumatiZed,GGWP
840,ФибиЧупи,727
841,kussakabe,666
842,ivy,eto
843,Magomeri,RU1
844,хранитель зелени,333
845,Sword Dance,heh
846,АЛЬТУХА 3 РАЗМЕР,L9KID
847,NOT RED HUMAN,NPC
848,Loklestern,812
849,TryToCatchMeNow,Kata
850,ОБОССУ ТВОЮ МАТЬ,RU1
851,XLAMREVENGE,RU1
852,xK1ng,RU1
853,RAFfff13072,RU1
854,rank1,space
855,Chеshir,RU1
856,Koii,1118
857,GLEKSUS,5219
858,lqkpma,RU1
859,Нагиса Фурукава,Данго
860,Ровный бег,RU1
861,DarkNightCasper,RU1
862,Soyesusi,sunny
863,月下金鹰,斩天帝
864,NIK2288,RU1
865,KogFirstLove,RU1
866,Kitty v ayte,lux
867,LexersZ,RU1
868,Не обзывайтесь,пжшка
869,КИБЕРСЛАВ,РУСЬ1
870,кошко жена,nyam
871,KPOMCATEJIb,leniv
872,lВолчицаl,Wolf
873,Geronimо,Meile
874,一二三,111
875,TTV SoEasyMid,rus
876,S4CR1F1C3MYSLF4U,4144
877,ÐẽstrØy DĩsGusti,demon
878,Diable,KOREA
879,Yapp1i,2626
880,lose is win,RU1
881,Миша вентилятор,вивив
882,LastStylebender,easy
883,мяу мяу мур,RU1
884,Linra,RU1
885,Dake,VIPKZ
886,Cheshiros,keku
887,Chudomonach,1985
888,ILUSHKA,CDD
889,awkward silence,SPLIT
890,Продам адк,бесит
891,puska pomenshe,mwah
892,xaio lai ban,EKKO
893,Astrom,アザミ
894,Meow4You,nya
895,eternality,zed
896,SweetyHake,Bread
897,sapph1re,1437
898,kürwą bóbr,lupa
899,rxacsa,RU1
900,LinaStar,GG1
901,Вы6лядище,Menta
902,AlinaБычийЦепень,RU1
903,Я лолька,cutie
904,МальчикКотик,19147
905,nefewe,RU1
906,Blessed Katarina,Elite
907,влад лига легенд,гений
908,Michael Kaiser,NNSWG
909,Patronus1,RU1
910,Levacus,RU1
911,Ломка психики,4747
912,3xy12,RU1
913,FatLine,RU1
914,хочу сдохнуть,RU1
915,ReduMMouse,GOIDA
916,Ножки Гвен,Feet
918,будь смелее,прошу
919,Hekapu,RU1
920,Taxei o Bayuo,RU1
921,Svinsip,HRU
922,Razmaznya,HNO3
923,terrorblade,crsd
924,You are pathetic,VRK
925,eritta,RU1
926,pawjob,rawrr
927,виконт тирамису,RU1
928,213213,RU1
929,PlayerLev444,RU1
930,ZooMKo,666
931,Papadox,stdr
932,Teratoma,1470
933,BOMBOCLAAAAAAAT,BOMBA
934,Nyshotytskazat,228
935,JolGreengor,RU1
936,Akrasia,403
937,SОSU,SOSU
938,,
939,Wicked Game서예지,박신혜
940,ss7venqzz,6699
941,Arise,iweia
942,LMAO Цзэдун,China
943,LisaKee,RU1
944,romanticism,333
945,Lex1L,RU1
946,Powerkumys,21KZ
947,Dying Wish,666
948,야마다,0303
949,satti,KZ1
950,Yotuk,5662
951,Strikman7788,RU1
952,Kviksteron,111
953,TaPoK555,RU1
954,Mr Krolik,YANG
955,BęłîålŘøśê,BLØSS
956,давампиздaMonkaS,RU1
957,Я Лиза Ланус,2015
958,Natasha,RU1
959,escolaite,RU1
960,pеt,RU1
961,Cold ªPáÆ Steel,RU1
962,The Unforgiven,1984
963,Ушки Тристаны,ГСФЮ
964,Никто,FDLF
965,ßån,322
966,kotemanul,meow
967,TheHawk,PRO
968,Kira,zed
969,Emperor de Void,Void
970,Rookit,228
971,Craftt007,RU1
972,твоя пандочка,venus
973,7789022,RU1
974,ОВП KAYN PSY,БЛИЧ
975,refraction,2664
976,MëphïštŁørđ,MORDØ
977,ØRDER 1026,RU1
978,GameSlover,RU1
979,НежныйСнежный,RU1
980,ArtGoblin,RU1
981,Ice Belle,Ice
982,THELEADER,228
983,Тот еще Олег,who
984,Солевaя,effa
985,Kalevala,Suomi
986,Inpie,LOH
987,FoxDrob,RU1
988,Acelotick,RU1
989,Trickaz,Dango
990,MrPluseJunior,Clone
991,Oncidium,UwU
992,BakemonoArs,Bake
993,депрессия,тильт
994,Лаймик,Aser
995,Черкаш Фейкера,GGEZ
996,XeXe,RU1
997,yuuiks,yuu33
998,Gehin,RU1
999,I am CrazyRabbit,RU1
1000,SOLO KERY,RU1
1001,Чумовая крыса 18,RU1
1002,ADCenjoyer,KRP
1003,Thе Witcher,Rivia
1004,viebubesplatno,UwU
1005,Slоwpokе,RU1
1006,SkyisOver,Flip
1007,МАЛИМАБИН,ГОЙДА
1008,RаveInTheGrave,RU1
1009,Fox Ripper,RU1
1010,Retired Lizard,Flow
1011,Zabodashka,R2026
1012,Kyсь,RU1
1013,Fenrir,sho
1014,xXPafnyti4Xx,RU1
1015,Deathstroke,2709
1016,Граф КогМаф,RU1
1017,lhavenoтbeenxd,RU1
1018,ATC Sky Walter,RU1
